source,timestamp,km,zone_gsmr,cause_racine,sous_systeme,rxqual_ertms,rxlev_ertms,start_time,stop_time,call_setup_duration,transaction_duration,gsmr_connected,etcs_connected,end_event,end_cause,imei,label,call_setup_sec,transaction_sec,hour,day_of_week,is_weekend,is_night,duration_very_short,duration_very_long,slow_setup,km_value
Expandium_Normal,2025-10-28 23:35:22.338,,,,,,,2025-10-28 23:35:22.338,2025-10-29 00:08:42.025,3s 603ms,33min 19s 687ms,Connected,Connected,User Plane SUBSET026 Term Session,,35214500045131.0,0,3.6029999999999998,1999.687,23,1,0,0,0,0,0,
ERTMS,2025-12-11 12:12:56.000,33.961,GSMR_06/07,"Selon notre analyse, nous avons constaté que le HO est complet entre 206 et 207 ,les conditions radio étaient bonnes avant la déconnexion, La requete de deconnexion a ete envoyé par le bord suite au retransmission des trames HDLC",RBC,dl Rxqual=3,dl rx level=-49,2025-12-11 12:12:57.731,2025-12-11 12:13:01.892,3s 626ms,4s 161ms,Connected,Not Connected,Disconnect,Normal call clearing,35214500042751.0,1,3.626,4.161,12,3,0,0,1,0,0,33.961
ERTMS,2025-10-16 21:05:29.000,6.13,GSMR_02/03,"Selon notre analyse, nous avons constaté que le HO non finalisé entre 301 et 203 ,les conditions radio étaient Mauvaises avant la déconnexion,La requete de deconnexion a ete envoyé par le Bord sans retransmission des trames HDLC",BORD,dl Rxqual=7,dl rx level=-54,2025-10-16 21:05:27.687,2025-10-16 21:05:43.780,3s 617ms,16s 93ms,Connected,Not Connected,User Plane SAPDU DI,Normal release requested by peer SFM user,35214500045073.0,1,3.617,16.093,21,3,0,0,1,0,0,6.13
Expandium_Normal,2025-10-14 15:01:21.033,,,,,,,2025-10-14 15:01:21.033,2025-10-14 15:47:33.808,3s 630ms,46min 12s 775ms,Connected,Connected,User Plane SUBSET026 Term Session,,35214500036582.0,0,3.63,2772.775,15,1,0,0,0,0,0,
ERTMS,2025-10-20 15:57:16.000,109.495,GSMR_19/20,"Selon notre analyse, nous avons constaté que le HO non finalisé entre 320 et 319 ,les conditions radio étaient Mauvaises avant la déconnexion,La requete de deconnexion a ete envoyé par le RBC avec retransmission des trames HDLC",GSMR,dl Rxqual=0,dl rx level=-75,2025-10-20 15:57:09.631,2025-10-20 15:57:25.867,3s 595ms,16s 236ms,Connected,Connected,User Plane SAPDU DI,Normal release requested by peer SFM user,35214500045329.0,1,3.5949999999999998,16.236,15,0,0,0,1,0,0,109.495
Expandium_Normal,2026-01-31 14:00:34.281,,,,,,,2026-01-31 14:00:34.281,2026-01-31 14:46:51.469,4s 555ms,46min 17s 188ms,Connected,Connected,User Plane SUBSET026 Term Session,,35214500045187.0,0,4.555,2777.188,14,5,1,0,0,0,0,
ERTMS,2025-10-25 22:55:26.000,94.954,GSMR_17/18,"Selon notre analyse, nous avons constaté que le HO non finalisé entre 318 et 217 Avec Downlink quality ,les conditions radio étaient Mauvaises avant la déconnexion,La requete de deconnexion a ete envoyé par le Bord sans retransmission des trames HDLC",BORD,dl Rxqual=6,dl rx level=-82,2025-10-25 22:55:34.714,2025-10-25 22:55:39.138,3s 596ms,4s 424ms,Connected,Not Connected,Disconnect,Normal call clearing,35214500045494.0,1,3.596,4.424,22,5,1,0,1,0,0,94.954
Expandium_Normal,2026-01-08 07:33:25.266,,,,,,,2026-01-08 07:33:25.266,2026-01-08 08:15:27.310,3s 587ms,42min 2s 44ms,Connected,Connected,User Plane SUBSET026 Term Session,,35214500038727.0,0,3.5869999999999997,2522.044,7,3,0,0,0,0,0,
Expandium_Normal,2026-03-01 08:10:20.601,,,,,,,2026-03-01 08:10:20.601,2026-03-01 08:10:55.088,3s 639ms,34s 487ms,Connected,Connected,User Plane SUBSET026 Term Session,,35214500044557.0,0,3.6390000000000002,34.487,8,6,1,0,1,0,0,
Expandium_Normal,2025-11-24 04:01:05.388,,,,,,,2025-11-24 04:01:05.388,2025-11-24 05:17:22.811,4s 530ms,1h 16min 17s 423ms,Connected,Connected,User Plane SUBSET026 Term Session,,35214500036582.0,0,4.53,4577.423,4,0,0,1,0,1,0,
Expandium_Normal,2026-01-21 11:01:21.183,,,,,,,2026-01-21 11:01:21.183,2026-01-21 11:46:10.515,3s 587ms,44min 49s 332ms,Connected,Connected,User Plane SUBSET026 Term Session,,35214500045671.0,0,3.5869999999999997,2689.332,11,2,0,0,0,0,0,
ERTMS,2025-10-23 18:54:57.000,94.954,GSMR_17/18,"Selon notre analyse, nous avons constaté que le HO non finalisé entre 318 et 217 ,les conditions radio étaient Mauvaises avant la déconnexion,La requete de deconnexion a ete envoyé par le Bord sans retransmission des trames HDLC",BORD,dl Rxqual=7,dl rx level=-74,2025-10-23 18:55:01.800,2025-10-23 18:55:13.960,3s 608ms,12s 160ms,Connected,Not Connected,User Plane SAPDU DI,Normal release requested by peer SFM user,35214500040707.0,1,3.608,12.16,18,3,0,0,1,0,0,94.954
ERTMS,2026-01-19 16:05:07.000,6.13,GSMR_02/03,"Selon notre analyse, nous avons constaté que le HO Complet entre 202 et 203 avec Downlink quality, les conditions radio étaient Mauvaise avant la déconnexion, La requete de deconnexion a ete envoyé par le RBC  avec  retransmission des trames HDLC*5",BORD,dl Rxqual=7,dl rx level=-57,2026-01-19 16:05:09.634,2026-01-19 16:05:16.673,3s 580ms,7s 39ms,Connected,Not Connected,Disconnect,Normal call clearing,35214500047160.0,1,3.58,7.039,16,0,0,0,1,0,0,6.13
Expandium_Normal,2025-12-16 23:34:31.412,,,,,,,2025-12-16 23:34:31.412,2025-12-16 23:36:59.225,3s 619ms,2min 27s 813ms,Connected,Connected,User Plane SUBSET026 Term Session,,35214500044293.0,0,3.6189999999999998,147.813,23,1,0,0,0,0,0,
Expandium_Normal,2026-01-20 05:02:31.152,,,,,,,2026-01-20 05:02:31.152,2026-01-20 05:03:10.835,3s 582ms,39s 683ms,Connected,Connected,User Plane SUBSET026 Term Session,,35214500005339.0,0,3.582,39.683,5,1,0,1,1,0,0,
Expandium_Normal,2026-01-28 19:41:38.506,,,,,,,2026-01-28 19:41:38.506,2026-01-28 19:45:12.111,3s 624ms,3min 33s 605ms,Connected,Connected,User Plane SUBSET026 Term Session,,35214500045357.0,0,3.624,213.605,19,2,0,0,0,0,0,
Expandium_Normal,2026-01-09 05:17:58.130,,,,,,,2026-01-09 05:17:58.130,2026-01-09 05:18:47.905,3s 644ms,49s 775ms,Connected,Connected,User Plane SUBSET026 Term Session,,35214500046055.0,0,3.644,49.775,5,4,0,1,1,0,0,
ERTMS,2025-10-31 06:06:19.000,6.13,GSMR_02/03,"Selon notre analyse, nous avons constaté que le HO non finalisé entre 303 et 301   ,les conditions radio étaient Mauvaises avant la déconnexion,La requete de deconnexion a ete envoyé par le RBC avec retransmission des trames HDLC*5",BORD,dl Rxqual=7,dl rx level=-73,2025-10-31 06:06:19.954,2025-10-31 06:49:41.276,3s 621ms,43min 21s 322ms,Connected,Connected,User Plane SUBSET026 Term Session,,35214500047160.0,1,3.621,2601.322,6,4,0,1,0,0,0,6.13
Expandium_Normal,2026-03-07 03:59:43.925,,,,,,,2026-03-07 03:59:43.925,2026-03-07 04:01:24.629,3s 592ms,1min 40s 704ms,Connected,Connected,User Plane SUBSET026 Term Session,,35214500043740.0,0,3.592,100.704,3,5,1,1,0,0,0,
Expandium_Normal,2025-12-18 19:42:06.134,,,,,,,2025-12-18 19:42:06.134,2025-12-18 19:45:08.214,3s 617ms,3min 2s 80ms,Connected,Connected,User Plane SUBSET026 Term Session,,35214500045122.0,0,3.617,182.08,19,3,0,0,0,0,0,
ERTMS,2026-02-04 19:05:07.000,5.93,GSMR_02/03,"Selon notre analyse, nous avons constaté que le HO Non finalisé  entre 302 et 203, les conditions radio étaient Mauvaise avant la déconnexion, La requete de deconnexion a ete envoyé par le Bord  avec  retransmission des trames HDLC*3",BORD,dl Rxqual=6,dl rx level=-54,2026-02-04 19:05:06.435,2026-02-04 19:05:23.614,3s 606ms,17s 179ms,Connected,Connected,User Plane SAPDU DI,Normal release requested by peer SFM user,35214500044497.0,1,3.606,17.179,19,2,0,0,1,0,0,5.93
Expandium_Normal,2026-01-30 10:46:14.462,,,,,,,2026-01-30 10:46:14.462,2026-01-30 10:46:56.854,3s 641ms,42s 392ms,Connected,Connected,User Plane SUBSET026 Term Session,,35214500043605.0,0,3.641,42.392,10,4,0,0,1,0,0,
Expandium_Normal,2025-11-19 20:32:38.881,,,,,,,2025-11-19 20:32:38.881,2025-11-19 21:14:51.644,3s 586ms,42min 12s 763ms,Connected,Connected,User Plane SUBSET026 Term Session,,35214500045268.0,0,3.586,2532.763,20,2,0,0,0,0,0,
Expandium_Normal,2025-12-01 12:59:08.897,,,,,,,2025-12-01 12:59:08.897,2025-12-01 12:59:48.418,3s 591ms,39s 521ms,Connected,Connected,User Plane SUBSET026 Term Session,,35214500045122.0,0,3.591,39.521,12,0,0,0,1,0,0,
Expandium_Normal,2026-02-10 16:55:20.165,,,,,,,2026-02-10 16:55:20.165,2026-02-10 16:56:00.065,3s 382ms,39s 900ms,Connected,Connected,User Plane SUBSET026 Term Session,,35229605039726.0,0,3.382,39.9,16,1,0,0,1,0,0,
ERTMS,2025-10-22 11:54:47.000,94.954,GSMR_17/18,"Selon notre analyse, nous avons constaté que le HO non finalisé entre 318 et 217 ,les conditions radio étaient Mauvaises avant la déconnexion,La requete de deconnexion a ete envoyé par le Bord sans retransmission des trames HDLC",BORD,dl Rxqual=7,dl rx level=-83,2025-10-22 11:54:51.023,2025-10-22 11:55:02.999,3s 628ms,11s 976ms,Connected,Not Connected,User Plane SAPDU DI,Normal release requested by peer SFM user,35214500005339.0,1,3.628,11.975999999999999,11,2,0,0,1,0,0,94.954
Expandium_Normal,2025-12-18 11:50:31.064,,,,,,,2025-12-18 11:50:31.064,2025-12-18 11:51:03.576,3s 602ms,32s 512ms,Connected,Connected,User Plane SUBSET026 Term Session,,35214500045348.0,0,3.602,32.512,11,3,0,0,1,0,0,
ERTMS,2026-01-28 20:15:22.000,8.97,GSMR_02/03,"Selon notre analyse, nous avons constaté que le HO complet entre 303 et 202, les conditions radio étaient Mauvaise avant la déconnexion, La requete de deconnexion a ete envoyé par le RBC  avec  retransmission des trames HDLC*5",BORD,dl Rxqual=5,dl rx level=-53,2026-01-28 20:15:25.725,2026-01-28 20:15:34.623,4s 289ms,8s 898ms,Connected,Not Connected,User Plane HDLC DISC,,35214500046055.0,1,4.289,8.898,20,2,0,0,1,0,0,8.97
ERTMS,2026-02-01 23:16:13.000,7.321,GSMR_02/03,"Selon notre analyse, nous avons constaté que le HO non finalisé entre 303 et 202, les conditions radio étaient Mauvaise avant la déconnexion, La requete de deconnexion a ete envoyé par le RBC  avec  retransmission des trames HDLC*5",BORD,dl Rxqual=7,dl rx level=-61,2026-02-01 23:16:17.019,2026-02-02 19:01:50.475,3s 578ms,19h 45min 33s 456ms,Connected,Not Connected,Disconnect,Normal call clearing,35214500038727.0,1,3.578,71133.456,23,6,1,0,0,1,0,7.321
ERTMS,2025-12-30 04:35:16.000,79.282,GSMR_14/15,"Selon notre analyse, nous avons constaté que le HO est complet entre  214 et 215, les conditions radio sont Bonnes  La requete de deconnexion a ete envoyé par le RBC  sans retransmission des trames HDLC",RBC,dl Rxqual=0,dl rx level=-48,2025-12-30 04:35:18.436,2025-12-30 04:35:28.409,3s 605ms,9s 973ms,Connected,Not Connected,Disconnect,Normal call clearing,35214500044557.0,1,3.605,9.973,4,1,0,1,1,0,0,79.282
Expandium_Normal,2025-12-13 04:47:53.317,,,,,,,2025-12-13 04:47:53.317,2025-12-13 04:48:11.433,3s 648ms,18s 116ms,Connected,Connected,User Plane SUBSET026 Term Session,,35214500045498.0,0,3.648,18.116,4,5,1,1,1,0,0,
ERTMS,2025-12-01 12:16:08.000,49.785,GSMR_09/10,"Selon notre analyse, nous avons constaté que le HO est complet entre 208 et 209 , les conditions radio étaient bonnes avant la déconnexion, La requete de deconnexion a ete envoyé par le bord  avec retransmission des trames HDLC*5",BORD,dl Rxqual=0,dl rx level=-62,2025-12-01 12:16:20.668,2025-12-01 12:18:07.040,3s 609ms,1min 46s 372ms,Connected,Connected,User Plane SUBSET026 Term Session,,35214500038730.0,1,3.609,106.372,12,0,0,0,0,0,0,49.785
Expandium_Normal,2026-01-29 12:49:24.722,,,,,,,2026-01-29 12:49:24.722,2026-01-29 12:50:03.392,3s 611ms,38s 670ms,Connected,Connected,User Plane SUBSET026 Term Session,,35214500004427.0,0,3.6109999999999998,38.67,12,3,0,0,1,0,0,
ERTMS,2025-11-15 07:05:33.000,6.13,GSMR_02/03,"Selon notre analyse, nous avons constaté que le HO Complet  entre 202 et 303, les conditions radio étaient mauvaies avant la déconnexion, La requete de deconnexion a ete envoyé par le RBC avec retransmission des trames HDLC*5",BORD,dl Rxqual=4,dl rx level=-65,2025-11-15 07:05:35.616,2025-11-15 07:05:42.573,3s 623ms,6s 957ms,Connected,Not Connected,Disconnect,Normal call clearing,35214500043740.0,1,3.623,6.957,7,5,1,0,1,0,0,6.13
ERTMS,2025-10-21 15:56:14.000,94.954,GSMR_17/18,"Selon notre analyse, nous avons constaté que le HO non finalisé entre 318 et 217 ,les conditions radio étaient Mauvaises avant la déconnexion,La requete de deconnexion a ete envoyé par le BORD avec retransmission des trames HDLC",BORD,dl Rxqual=6,dl rx level=-83,2025-10-21 15:56:18.772,2025-10-21 15:56:24.601,3s 640ms,5s 829ms,Connected,Not Connected,Disconnect,Normal call clearing,35214500005339.0,1,3.64,5.829,15,1,0,0,1,0,0,94.954
Expandium_Normal,2025-12-17 17:06:18.444,,,,,,,2025-12-17 17:06:18.444,2025-12-17 17:48:29.747,3s 603ms,42min 11s 303ms,Connected,Connected,User Plane SUBSET026 Term Session,,35214500036582.0,0,3.6029999999999998,2531.303,17,2,0,0,0,0,0,
Expandium_Normal,2025-11-28 20:00:39.716,,,,,,,2025-11-28 20:00:39.716,2025-11-28 20:45:05.157,3s 637ms,44min 25s 441ms,Connected,Connected,User Plane SUBSET026 Term Session,,35214500004427.0,0,3.637,2665.441,20,4,0,0,0,0,0,
Expandium_Normal,2026-01-10 01:09:17.083,,,,,,,2026-01-10 01:09:17.083,2026-01-10 01:52:29.446,3s 645ms,43min 12s 363ms,Connected,Connected,User Plane SUBSET026 Term Session,,35214500046055.0,0,3.645,2592.363,1,5,1,1,0,0,0,
ERTMS,2025-12-25 22:12:43.000,7.321,GSMR_02/03,"Selon notre analyse, nous avons constaté que le HO est non finalisé entre 203 et 202, les conditions radio étaient Bonne avant la déconnexion, La requete de deconnexion a ete envoyé par le Bord  sans retransmission des trames HDLC*5",BORD,dl Rxqual=5,dl rx level=-62,2025-12-25 22:13:23.756,2025-12-25 22:13:45.102,3s 607ms,21s 346ms,Connected,Connected,User Plane SUBSET026 Term Session,,35214500045268.0,1,3.607,21.346,22,3,0,0,1,0,0,7.321
Expandium_Normal,2025-10-13 10:01:13.688,,,,,,,2025-10-13 10:01:13.688,2025-10-13 10:45:26.369,3s 590ms,44min 12s 681ms,Connected,Connected,User Plane SUBSET026 Term Session,,35214500045735.0,0,3.59,2652.681,10,0,0,0,0,0,0,
ERTMS,2026-01-11 19:14:18.000,7.13,GSMR_02/03,"Selon notre analyse, nous avons constaté que le HO complet entre 303 et 202  , les conditions radio étaient Bonne avant la déconnexion, La requete de deconnexion a ete envoyé par le  RBC  avec  retransmission des trames HDLC*5",BORD,dl Rxqual=3,dl rx level=-50,2026-01-11 19:14:20.763,2026-01-11 19:14:27.951,3s 630ms,7s 188ms,Connected,Not Connected,Disconnect,Normal call clearing,35214500038727.0,1,3.63,7.188,19,6,1,0,1,0,0,7.13
Expandium_Normal,2026-02-01 09:56:17.918,,,,,,,2026-02-01 09:56:17.918,2026-02-01 09:56:50.451,3s 602ms,32s 533ms,Connected,Connected,User Plane SUBSET026 Term Session,,35214500045461.0,0,3.602,32.533,9,6,1,0,1,0,0,
Expandium_Normal,2026-01-11 13:57:15.734,,,,,,,2026-01-11 13:57:15.734,2026-01-11 13:59:04.091,3s 576ms,1min 48s 357ms,Connected,Connected,User Plane SUBSET026 Term Session,,35214500045424.0,0,3.576,108.357,13,6,1,0,0,0,0,
ERTMS,2025-12-18 12:05:32.000,6.13,GSMR_02/03,"Selon notre analyse, nous avons constaté que le HO est non finalisé entre 202 et 203 , les conditions radio étaient mauvaises avant la déconnexion, La requete de deconnexion a ete envoyé par le RBC  avec retransmission des trames HDLC*5",BORD,dl Rxqual=5,dl rx level=-51,2025-12-18 12:05:34.212,2025-12-18 12:05:41.531,3s 837ms,7s 319ms,Connected,Not Connected,Disconnect,Normal call clearing,35214500044293.0,1,3.8369999999999997,7.319,12,3,0,0,1,0,0,6.13
ERTMS,2026-02-13 04:35:23.000,79.282,GSMR_14/15,"Selon notre analyse, nous avons constaté que le HO est complet entre  214 et 215, les conditions radio sont bonne La requete de deconnexion a ete envoyé par le bord avec retransmission des trames HDLC",BORD,dl Rxqual=0,dl rx level=-48,2026-02-13 04:35:26.129,2026-02-13 04:35:33.230,3s 626ms,7s 101ms,Connected,Not Connected,Disconnect,Normal call clearing,35214500043740.0,1,3.626,7.101,4,4,0,1,1,0,0,79.282
ERTMS,2026-02-11 08:22:35.000,78.155,GSMR_14/15,"Selon notre analyse, nous avons constaté que le HO est non finalisé entre  214 et 215, les conditions radio sont mauvaises en uplink  La requete de deconnexion a ete envoyé par le RBC avec retransmission des trames HDLC",BORD,dl Rxqual=0,dl rx level=-65,2026-02-11 08:22:28.803,2026-02-11 08:22:45.130,3s 591ms,16s 327ms,Connected,Connected,User Plane SAPDU DI,Normal release requested by peer SFM user,35214500045498.0,1,3.591,16.327,8,2,0,0,1,0,0,78.155
Expandium_Normal,2026-01-22 21:01:02.007,,,,,,,2026-01-22 21:01:02.007,2026-01-22 21:45:19.570,3s 625ms,44min 17s 563ms,Connected,Connected,User Plane SUBSET026 Term Session,,35214500045671.0,0,3.625,2657.563,21,3,0,0,0,0,0,
ERTMS,2025-11-21 20:51:23.000,118.562,GSMR_20/21,"Selon notre analyse, nous avons constaté que le HO non finalisé entre 321 et 320, les conditions radio étaient bonnes avant la déconnexion, La requete de deconnexion a ete envoyé par le RBC avec retransmission des trames HDLC*5",BORD/GSMR,dl Rxqual=1,dl rx level=-65,2025-11-21 20:51:43.509,2025-11-21 21:15:42.532,3s 613ms,23min 59s 23ms,Connected,Connected,User Plane SUBSET026 Term Session,,35214500038727.0,1,3.613,1439.023,20,4,0,0,0,0,0,118.562
Expandium_Normal,2025-10-18 06:25:26.547,,,,,,,2025-10-18 06:25:26.547,2025-10-18 06:26:01.991,3s 628ms,35s 444ms,Connected,Connected,User Plane SUBSET026 Term Session,,35214500045477.0,0,3.628,35.444,6,5,1,1,1,0,0,
ERTMS,2025-12-14 07:05:31.000,6.13,GSMR_02/03,"Selon notre analyse, nous avons constaté que le HO est Complet entre 302 et 201 avec Downlink quality ,les conditions radio étaient Mauvaises avant la déconnexion, La requete de deconnexion a ete envoyé par le RBC  suite au retransmission des trames HDLC",BORD,dl Rxqual=7,dl rx level=-84,2025-12-14 07:05:51.138,2025-12-14 07:47:02.308,3s 629ms,41min 11s 170ms,Connected,Connected,User Plane SUBSET026 Term Session,,35214500005339.0,1,3.629,2471.17,7,6,1,0,0,0,0,6.13
Expandium_Normal,2025-11-04 04:37:07.317,,,,,,,2025-11-04 04:37:07.317,2025-11-04 04:37:42.991,4s 544ms,35s 674ms,Connected,Connected,User Plane SUBSET026 Term Session,,35214500017596.0,0,4.5440000000000005,35.674,4,1,0,1,1,0,0,
ERTMS,2026-02-07 20:37:06.000,7.321,GSMR_02/03,"Selon notre analyse, nous avons constaté que le HO Non finalisé  entre 202 et 303, les conditions radio étaient Mauvaise avant la déconnexion, La requete de deconnexion a ete envoyé par le RBC  avec  retransmission des trames HDLC*5",BORD,dl Rxqual=5,dl rx level=-50,2026-02-07 20:37:05.081,2026-02-07 20:37:15.289,3s 613ms,10s 208ms,Connected,Not Connected,Disconnect,Normal call clearing,35214500045098.0,1,3.613,10.208,20,5,1,0,1,0,0,7.321
Expandium_Normal,2026-01-10 09:32:01.356,,,,,,,2026-01-10 09:32:01.356,2026-01-10 10:14:27.179,3s 581ms,42min 25s 823ms,Connected,Connected,User Plane SUBSET026 Term Session,,35214500040638.0,0,3.581,2545.823,9,5,1,0,0,0,0,
ERTMS,2025-12-23 17:05:24.000,6.13,GSMR_02/03,"Selon notre analyse, nous avons constaté que le HO n'est pas Complete entre 202 et 303 , les conditions radio étaient mauvaises avant la déconnexion, La requete de deconnexion a ete envoyé par le RBC  avec retransmission des trames HDLC*5",BORD,dl Rxqual=6,dl rx level=-54,2025-12-23 17:05:26.953,2025-12-23 17:05:34.680,4s 516ms,7s 727ms,Connected,Not Connected,Disconnect,Normal call clearing,35214500045488.0,1,4.516,7.727,17,1,0,0,1,0,0,6.13
ERTMS,2025-12-31 22:13:18.000,7.321,GSMR_02/03,"Selon notre analyse, nous avons constaté que le HO non finalisé entre 202 et 203, les conditions radio étaient mauvaises avant la déconnexion, La requete de deconnexion a ete envoyé par le  RBC  avec retransmission des trames HDLC*5",BORD,dl Rxqual=6,dl rx level=-54,2025-12-31 22:13:20.946,2025-12-31 22:13:27.851,3s 619ms,6s 905ms,Connected,Not Connected,User Plane HDLC DISC,,35214500045098.0,1,3.6189999999999998,6.905,22,2,0,0,1,0,0,7.321
ERTMS,2026-01-17 18:35:16.000,185.47,GSMR_32/33,"Selon notre analyse, nous avons constaté que le HO non finalisé entre 332 et 331, les conditions radio étaient mauvaises en uplink avant la déconnexion, La requete de deconnexion a ete envoyé par le  bord  avec  retransmission des trames HDLC*5",BORD/GSMR,dl Rxqual=0,dl rx level=-57,2026-01-17 18:35:09.665,2026-01-17 18:35:27.781,3s 605ms,18s 116ms,Connected,Connected,User Plane SAPDU DI,Normal release requested by peer SFM user,35214500045268.0,1,3.605,18.116,18,5,1,0,1,0,0,185.47
Expandium_Normal,2025-12-07 09:15:56.757,,,,,,,2025-12-07 09:15:56.757,2025-12-07 09:16:40.713,4s 555ms,43s 956ms,Connected,Connected,User Plane SUBSET026 Term Session,,35214500045329.0,0,4.555,43.956,9,6,1,0,1,0,0,
Expandium_Normal,2026-02-25 04:30:43.267,,,,,,,2026-02-25 04:30:43.267,2026-02-25 04:35:22.119,3s 837ms,4min 38s 852ms,Connected,Connected,User Plane SUBSET026 Term Session,,35214500045480.0,0,3.8369999999999997,278.852,4,2,0,1,0,0,0,
ERTMS,2025-11-09 07:44:24.000,186.315,GSMR_32/33,"Selon notre analyse, nous avons constaté que le HO Non Finalisé entre 232 et 233, les conditions radio étaient bonnes avant la déconnexion,La requete de deconnexion a ete envoyé par le RBC suite au retransmission des trames HDLC",BORD/GSMR,dl Rxqual=0,dl rx level=-61,2025-11-09 07:44:17.764,2025-11-09 07:44:34.029,3s 605ms,16s 265ms,Connected,Connected,User Plane SAPDU DI,Normal release requested by peer SFM user,35214500045488.0,1,3.605,16.265,7,6,1,0,1,0,0,186.315
ERTMS,2025-10-25 16:32:38.000,RAC 0,GSMR 34/33,"Selon notre analyse, nous avons constaté que le HO non finalisé entre 99 et 333   ,les conditions radio étaient Mauvaises avant la déconnexion,La requete de deconnexion a ete envoyé par le bord sans retransmission des trames HDLC",GSMR,dl Rxqual=7,dl rx level=-69,2025-10-25 16:32:33.797,2025-10-25 16:33:30.654,3s 574ms,56s 857ms,Connected,Connected,User Plane SAPDU DI,Normal release requested by peer SFM user,35214500045424.0,1,3.574,56.857,16,5,1,0,1,0,0,
ERTMS,2025-12-11 12:12:58.000,8.97,GSMR_02/03,"Selon notre analyse, nous avons constaté que le HO est complet entre 204 et 303 ,les conditions radio étaient bonnes avant la déconnexion, La requete de deconnexion a ete envoyé par le bord suite au retransmission des trames HDLC",RBC,dl Rxqual=0,dl rx level=-60,2025-12-11 12:12:57.731,2025-12-11 12:13:01.892,3s 626ms,4s 161ms,Connected,Not Connected,Disconnect,Normal call clearing,35214500042751.0,1,3.626,4.161,12,3,0,0,1,0,0,8.97
Expandium_Normal,2026-02-17 15:34:26.899,,,,,,,2026-02-17 15:34:26.899,2026-02-17 15:36:16.855,3s 616ms,1min 49s 956ms,Connected,Connected,User Plane SUBSET026 Term Session,,35214500005339.0,0,3.616,109.956,15,1,0,0,0,0,0,
Expandium_Normal,2025-11-16 06:43:38.865,,,,,,,2025-11-16 06:43:38.865,2025-11-16 06:44:16.142,3s 581ms,37s 277ms,Connected,Connected,User Plane SUBSET026 Term Session,,35214500045348.0,0,3.581,37.277,6,6,1,1,1,0,0,
ERTMS,2025-10-17 10:56:33.000,94.954,GSMR_17/18,"Selon notre analyse, nous avons constaté que le HO non finalisé entre 318 et 217 ,les conditions radio étaient Mauvaises avant la déconnexion,La requete de deconnexion a ete envoyé par le Bord sans retransmission des trames HDLC",BORD,dl Rxqual=7,dl rx level=-84,2025-10-17 10:56:59.717,2025-10-17 11:17:18.087,3s 612ms,20min 18s 370ms,Connected,Connected,User Plane SUBSET026 Term Session,,35214500017596.0,1,3.612,1218.37,10,4,0,0,0,0,0,94.954
Expandium_Normal,2025-10-25 19:01:42.573,,,,,,,2025-10-25 19:01:42.573,2025-10-25 19:46:09.957,3s 617ms,44min 27s 384ms,Connected,Connected,User Plane SUBSET026 Term Session,,35214500045122.0,0,3.617,2667.384,19,5,1,0,0,0,0,
ERTMS,2025-10-29 21:15:04.000,36.558,GSMR_07/08,"indisponibilté du site GSMR 04 suite a un problème de transmission,au niveau de la carte principale,suite a la deconnexion précedente le train s'est connecté au cellule de la ligne classique ce qui a engendré une deconnexion supplementaire",GSMR,dl Rxqual=7,dl rx level=-70,2025-10-29 21:15:00.397,2025-10-29 21:15:04.483,3s 621ms,4s 86ms,Connected,Not Connected,Disconnect,Normal call clearing,35214500045495.0,1,3.621,4.086,21,2,0,0,1,0,0,36.558
Expandium_Normal,2025-10-24 10:01:19.026,,,,,,,2025-10-24 10:01:19.026,2025-10-24 10:45:27.701,3s 608ms,44min 8s 675ms,Connected,Connected,User Plane SUBSET026 Term Session,,35214500045357.0,0,3.608,2648.675,10,4,0,0,0,0,0,
ERTMS,2025-12-11 20:13:27.000,7.321,GSMR_02/03,"Selon notre analyse, nous avons constaté que le HO est Non finaliser entre 303 et 202 ,les conditions radio étaient Mauvaises avant la déconnexion, La requete de deconnexion a ete envoyé par le bord suite au retransmission des trames HDLC",BORD,dl Rxqual=6,dl rx level=-61,2025-12-11 20:13:36.689,2025-12-12 15:34:49.665,3s 622ms,19h 21min 12s 976ms,Connected,Not Connected,Disconnect,Normal call clearing,35214500045424.0,1,3.622,69672.976,20,3,0,0,0,1,0,7.321
ERTMS,2025-12-20 14:05:08.000,6.13,GSMR_02/03,"Selon notre analyse, nous avons constaté que le HO est Complete entre 202 et 203 , les conditions radio étaient mauvaises avant la déconnexion, La requete de deconnexion a ete envoyé par le RBC  avec retransmission des trames HDLC*5",BORD,dl Rxqual=6,dl rx level=-66,2025-12-20 14:05:10.611,2025-12-20 14:05:15.015,3s 615ms,4s 404ms,Connected,Not Connected,Disconnect,Normal call clearing,35214500043740.0,1,3.615,4.404,14,5,1,0,1,0,0,6.13
ERTMS,2025-10-15 19:55:26.000,91.305,GSMR_17/18,"Selon notre analyse, nous avons constaté que le HO est non finalisé entre 318 et 217 ,les conditions radio étaient Mauvaises avant la déconnexion,La requete de deconnexion a ete envoyé par le bord avec retransmission des trames HDLC",BORD,dl Rxqual=7,dl rx level=-84,2025-10-15 19:55:35.801,2025-10-15 19:55:39.920,3s 588ms,4s 119ms,Connected,Not Connected,Disconnect,Normal call clearing,35214500045480.0,1,3.588,4.119,19,2,0,0,1,0,0,91.305
ERTMS,2025-11-26 10:05:37.000,6.13,GSMR_02/03,"Selon notre analyse, nous avons constaté que le HO non finalisé  entre 226 et 327, les conditions radio étaient mauvaises avant la déconnexion, La requete de deconnexion a ete envoyé par le RBC avec retransmission des trames HDLC*5",BORD,dl Rxqual=7,dl rx level=-70,2025-11-26 10:05:39.223,2025-11-26 10:05:46.307,3s 581ms,7s 84ms,Connected,Not Connected,Disconnect,Normal call clearing,35214500004427.0,1,3.581,7.084,10,2,0,0,1,0,0,6.13
ERTMS,2026-02-13 08:35:33.000,138.302,GSMR_24/25,"Selon notre analyse, nous avons constaté que le HO est complet entre  223 et 224 les conditions radio sont bonne La requete de deconnexion a ete envoyé par le RBC sans de  retransmission des trames HDLC",BORD,dl Rxqual=0,dl rx level=-71,2026-02-13 08:35:36.161,2026-02-13 08:35:43.381,3s 613ms,7s 220ms,Connected,Not Connected,Disconnect,Normal call clearing,35214500043740.0,1,3.613,7.22,8,4,0,0,1,0,0,138.302
Expandium_Normal,2025-12-30 04:35:40.576,,,,,,,2025-12-30 04:35:40.576,2025-12-30 05:30:46.993,3s 630ms,55min 6s 417ms,Connected,Connected,User Plane SUBSET026 Term Session,,35214500044557.0,0,3.63,3306.417,4,1,0,1,0,0,0,
Expandium_Normal,2025-12-11 12:32:05.181,,,,,,,2025-12-11 12:32:05.181,2025-12-11 13:17:21.245,3s 617ms,45min 16s 64ms,Connected,Connected,User Plane SUBSET026 Term Session,,35214500040638.0,0,3.617,2716.064,12,3,0,0,0,0,0,
ERTMS,2025-12-11 06:47:39.000,58.71,GSMR_10/11,"Selon notre analyse, nous avons constaté que le HO est complet entre 311 et 310 ,les conditions radio étaient bonnes avant la déconnexion, La requete de deconnexion a ete envoyé par le RBC suite au retransmission des trames HDLC",GSMR,dl Rxqual=1,dl rx level=-72,2025-12-11 06:47:32.579,2025-12-11 06:47:48.916,3s 590ms,16s 337ms,Connected,Connected,User Plane SAPDU DI,Normal release requested by peer SFM user,35214500040707.0,1,3.59,16.337,6,3,0,1,1,0,0,58.71
Expandium_Normal,2025-11-09 15:32:29.705,,,,,,,2025-11-09 15:32:29.705,2025-11-09 16:13:45.889,3s 653ms,41min 16s 184ms,Connected,Connected,User Plane SUBSET026 Term Session,,35214500038730.0,0,3.653,2476.184,15,6,1,0,0,0,0,
Expandium_Normal,2026-02-19 10:32:20.648,,,,,,,2026-02-19 10:32:20.648,2026-02-19 11:14:35.597,3s 586ms,42min 14s 949ms,Connected,Connected,User Plane SUBSET026 Term Session,,35214500046011.0,0,3.586,2534.949,10,3,0,0,0,0,0,
Expandium_Normal,2025-12-16 07:01:22.215,,,,,,,2025-12-16 07:01:22.215,2025-12-16 07:46:27.099,3s 630ms,45min 4s 884ms,Connected,Connected,User Plane SUBSET026 Term Session,,35214500045122.0,0,3.63,2704.884,7,1,0,0,0,0,0,
ERTMS,2025-10-31 10:05:22.000,6.13,GSMR_02/03,"Selon notre analyse, nous avons constaté que le HO complet entre 202 et 203  ,les conditions radio étaient bonnes avant la déconnexion,La requete de deconnexion a ete envoyé par le RBC suite au retransmission des trames HDLC",BORD,dl Rxqual=0,dl rx level=-70,2025-10-31 10:05:24.478,2025-10-31 10:05:31.933,3s 631ms,7s 455ms,Connected,Not Connected,Disconnect,Normal call clearing,35214500043740.0,1,3.6310000000000002,7.455,10,4,0,0,1,0,0,6.13
ERTMS,2025-10-19 15:05:01.000,6.13,GSMR_02/03,"Selon notre analyse, nous avons constaté que le HO Complet entre 201 et 202  ,les conditions radio étaient Mauvaises avant la déconnexion,La requete de deconnexion a ete envoyé par le RBC avec retransmission des trames HDLC",BORD,dl Rxqual=0,dl rx level=-67,2025-10-19 15:05:22.177,2025-10-19 15:48:45.561,3s 589ms,43min 23s 384ms,Connected,Connected,User Plane SUBSET026 Term Session,,35214500045671.0,1,3.589,2603.384,15,6,1,0,0,0,0,6.13
ERTMS,2025-11-07 16:10:57.000,21.55,GSMR_04/05,"Selon notre analyse, nous avons constaté que le HO non finalisé entre 204 et 205, les conditions radio étaient bonnes avant la déconnexion, La requete de deconnexion a ete envoyé par le RBC suite au retransmission des trames HDLC.",BORD/GSMR,dl Rxqual=0,dl rx level=-65,2025-11-07 16:10:50.369,2025-11-07 16:11:06.030,3s 608ms,15s 661ms,Connected,Connected,User Plane SAPDU DI,Normal release requested by peer SFM user,35214500036582.0,1,3.608,15.661,16,4,0,0,1,0,0,21.55
ERTMS,2025-10-29 21:09:57.000,18.95,GSMR_04/05,"indisponibilté du site GSMR 04 suite a un problème de transmission,au niveau de la carte principale",GSMR,dl Rxqual=7,dl rx level=-75,2025-10-29 21:09:59.731,2025-10-29 21:10:07.159,3s 644ms,7s 428ms,Connected,Not Connected,Disconnect,Normal call clearing,35214500045357.0,1,3.644,7.428,21,2,0,0,1,0,0,18.95
ERTMS,2025-11-11 17:44:03.000,130.074,GSMR_23/24,"Selon notre analyse, nous avons constaté que le HO complet entre 223 et 224, les conditions radio étaient mauvaies avant la déconnexion,La requete de deconnexion a ete envoyé par le RBC suite au retransmission des trames HDLC",BORD/GSMR,dl Rxqual=7,dl rx level=-60,2025-11-11 17:44:25.570,2025-11-11 18:12:05.619,3s 625ms,27min 40s 49ms,Connected,Connected,User Plane SUBSET026 Term Session,,35214500045073.0,1,3.625,1660.049,17,1,0,0,0,0,0,130.074
Expandium_Normal,2026-01-17 08:00:42.780,,,,,,,2026-01-17 08:00:42.780,2026-01-17 08:01:18.342,3s 612ms,35s 562ms,Connected,Connected,User Plane SUBSET026 Term Session,,35214500022752.0,0,3.612,35.562,8,5,1,0,1,0,0,
Expandium_Normal,2025-11-24 05:59:59.486,,,,,,,2025-11-24 05:59:59.486,2025-11-24 06:00:48.127,4s 547ms,48s 641ms,Connected,Connected,User Plane SUBSET026 Term Session,,35214500045461.0,0,4.547,48.641,5,0,0,1,1,0,0,
Expandium_Normal,2026-01-23 18:31:49.691,,,,,,,2026-01-23 18:31:49.691,2026-01-23 19:15:31.183,3s 167ms,43min 41s 492ms,Connected,Connected,User Plane SUBSET026 Term Session,,35229605039441.0,0,3.167,2621.492,18,4,0,0,0,0,0,
ERTMS,2025-11-17 17:35:24.000,140.659,GSMR_24/25,"Selon notre analyse, nous avons constaté que le HO non finalisé entre 224 et 225, les conditions radio étaient mauvaies avant la déconnexion, La requete de deconnexion a ete envoyé par le RBC  avec retransmission des trames HDLC*5",BORD/GSMR,dl Rxqual=2,dl rx level=-75,2025-11-17 17:35:18.108,2025-11-17 17:35:35.756,3s 377ms,17s 648ms,Connected,Connected,User Plane SAPDU DI,Normal release requested by peer SFM user,35214500045073.0,1,3.377,17.648,17,0,0,0,1,0,0,140.659
Expandium_Normal,2025-11-12 06:10:06.969,,,,,,,2025-11-12 06:10:06.969,2025-11-12 07:10:16.075,3s 636ms,1h 9s 106ms,Connected,Connected,User Plane SUBSET026 Term Session,,35214500045477.0,0,3.636,3609.106,6,2,0,1,0,1,0,
Expandium_Normal,2026-02-01 13:43:55.154,,,,,,,2026-02-01 13:43:55.154,2026-02-01 13:44:33.634,3s 594ms,38s 480ms,Connected,Connected,User Plane SUBSET026 Term Session,,35214500045217.0,0,3.594,38.48,13,6,1,0,1,0,0,
ERTMS,2025-12-21 12:14:51.000,5.73,GSMR_02/03,"Selon notre analyse, nous avons constaté que le HO est non Complete entre 203 et 302 , les conditions radio étaient mauvaises avant la déconnexion, La requete de deconnexion a ete envoyé par le RBC  avec retransmission des trames HDLC*5",BORD,dl Rxqual=7,dl rx level=-51,2025-12-21 12:14:39.979,2025-12-21 12:14:54.603,3s 623ms,14s 624ms,Connected,Not Connected,User Plane SAPDU DI,Normal release requested by peer SFM user,35214500038727.0,1,3.623,14.624,12,6,1,0,1,0,0,5.73
ERTMS,2025-11-11 17:31:46.000,126.51,GSMR_22/23,"Selon notre analyse, nous avons constaté que le HO non Finalisé entre 222 et 323, les conditions radio étaient bonnes avant la déconnexion,La requete de deconnexion a ete envoyé par le Bord sans retransmission des trames HDLC",BORD/GSMR,dl Rxqual=1,dl rx level=-79,2025-11-11 17:31:44.421,2025-11-11 17:31:59.773,5s 41ms,15s 352ms,Connected,Not Connected,Disconnect,Normal call clearing,35214500045122.0,1,5.041,15.352,17,1,0,0,1,0,1,126.51
ERTMS,2026-01-20 08:05:30.000,6.13,GSMR_02/03,"Selon notre analyse, nous avons constaté que le HO non finalisé entre 202 et 203, les conditions radio étaient Mauvaise avant la déconnexion, La requete de deconnexion a ete envoyé par le RBC  avec  retransmission des trames HDLC*5",BORD,dl Rxqual=6,dl rx level=-53,2026-01-20 08:05:33.168,2026-01-20 08:05:40.684,3s 619ms,7s 516ms,Connected,Not Connected,Disconnect,Normal call clearing,35214500044293.0,1,3.6189999999999998,7.516,8,1,0,0,1,0,0,6.13
Expandium_Normal,2025-11-14 21:42:00.368,,,,,,,2025-11-14 21:42:00.368,2025-11-14 21:44:49.230,3s 603ms,2min 48s 862ms,Connected,Connected,User Plane SUBSET026 Term Session,,35214500036582.0,0,3.6029999999999998,168.862,21,4,0,0,0,0,0,
ERTMS,2025-12-23 14:05:34.000,6.13,GSMR_02/03,"Selon notre analyse, nous avons constaté que le HO est Complete entre 202 et 203 , les conditions radio étaient mauvaises avant la déconnexion, La requete de deconnexion a ete envoyé par le RBC  avec retransmission des trames HDLC*5",BORD,dl Rxqual=7,dl rx level=-74,2025-12-23 14:05:36.536,2025-12-23 14:05:43.694,3s 594ms,7s 158ms,Connected,Not Connected,Disconnect,Normal call clearing,35214500045498.0,1,3.594,7.158,14,1,0,0,1,0,0,6.13
Expandium_Normal,2025-12-08 15:21:16.642,,,,,,,2025-12-08 15:21:16.642,2025-12-08 15:22:12.855,3s 620ms,56s 213ms,Connected,Connected,User Plane SUBSET026 Term Session,,35214500045073.0,0,3.62,56.213,15,0,0,0,1,0,0,
ERTMS,2025-10-27 21:19:54.000,7.321,GSMR_02/03,"Selon notre analyse, nous avons constaté que le HO non finalisé entre 302 et 203  ,les conditions radio étaient Mauvaises avant la déconnexion,La requete de deconnexion a ete envoyé par le Bord sans retransmission des trames HDLC",BORD,dl Rxqual=4,dl rx level=-52,2025-10-27 21:19:52.850,2025-10-27 21:20:09.584,3s 617ms,16s 734ms,Connected,Connected,User Plane SAPDU DI,Normal release requested by peer SFM user,35214500045424.0,1,3.617,16.734,21,0,0,0,1,0,0,7.321
Expandium_Normal,2025-11-01 15:01:21.543,,,,,,,2025-11-01 15:01:21.543,2025-11-01 15:44:54.854,3s 649ms,43min 33s 311ms,Connected,Connected,User Plane SUBSET026 Term Session,,35214500045357.0,0,3.649,2613.311,15,5,1,0,0,0,0,
Expandium_Normal,2025-10-25 13:42:33.671,,,,,,,2025-10-25 13:42:33.671,2025-10-25 13:43:13.349,3s 649ms,39s 678ms,Connected,Connected,User Plane SUBSET026 Term Session,,35214500005339.0,0,3.649,39.678,13,5,1,0,1,0,0,
Expandium_Normal,2025-11-27 15:01:34.087,,,,,,,2025-11-27 15:01:34.087,2025-11-27 15:45:27.043,3s 614ms,43min 52s 956ms,Connected,Connected,User Plane SUBSET026 Term Session,,35214500045187.0,0,3.614,2632.956,15,3,0,0,0,0,0,
ERTMS,2025-10-13 12:21:04.000,94.954,GSMR_17/18,"Selon notre analyse, nous avons constaté que le HO est non finalisé entre 318 et 217 ,les conditions radio étaient Mauvaises avant la déconnexion,La requete de deconnexion a ete envoyé par le bord suite au retransmission des trames HDLC",BORD,dl Rxqual=6,dl rx level=-81,2025-10-13 12:21:14.606,2025-10-13 12:21:48.814,3s 591ms,34s 208ms,Connected,Connected,User Plane SUBSET026 Term Session,,35214500045122.0,1,3.591,34.208,12,0,0,0,1,0,0,94.954
ERTMS,2025-10-14 19:21:05.000,73.586,GSMR_13/14,"Selon notre analyse, nous avons constaté que le HO est non finalisé  entre 213 et 214 ,les conditions radio étaient Mauvaises avant la déconnexion,La requete de deconnexion a ete envoyé par le RBC avec retransmission des trames HDLC",GSMR,dl Rxqual=7,dl rx level=-74,2025-10-14 19:20:59.850,2025-10-14 19:21:05.307,3s 586ms,5s 457ms,Connected,Not Connected,Disconnect,Normal call clearing,35214500044497.0,1,3.586,5.457,19,1,0,0,1,0,0,73.586
ERTMS,2025-12-22 07:31:36.000,126.51,GSMR_22/23,"Selon notre analyse, nous avons constaté que le HO est non finalisé entre 222 et 223, les conditions radio étaient Bonnes avant la déconnexion, La requete de deconnexion a ete envoyé par le RBC  avec retransmission des trames HDLC*5",GSMR,dl Rxqual=2,dl rx level=-77,2025-12-22 07:31:29.541,2025-12-22 07:31:46.874,3s 611ms,17s 333ms,Connected,Connected,User Plane SAPDU DI,Normal release requested by peer SFM user,35214500045498.0,1,3.6109999999999998,17.333,7,0,0,0,1,0,0,126.51
ERTMS,2025-11-16 04:59:56.000,6.13,GSMR_02/03,"Selon notre analyse, nous avons constaté que le HO Complet  entre 202 et 301, les conditions radio étaient mauvaies avant la déconnexion, La requete de deconnexion a ete envoyé par le RBC avec retransmission des trames HDLC*5",BORD,dl Rxqual=7,dl rx level=-78,2025-11-16 05:00:20.372,2025-11-16 05:20:16.726,3s 605ms,19min 56s 354ms,Connected,Connected,Clear command,Radio interface failure,35214500045461.0,1,3.605,1196.354,4,6,1,1,0,0,0,6.13
ERTMS,2026-01-27 19:38:12.000,161.722,GSMR_27/28,"Selon notre analyse, nous avons constaté que le HO non finalisé entre 228 et 227, les conditions radio étaient mauvaises en uplink avant la déconnexion, La requete de deconnexion a ete envoyé par le  RBC  avec retransmission des trames HDLC*5",BORD/GSMR,dl Rxqual=0,dl rx level=-67,2026-01-27 19:38:05.581,2026-01-27 19:38:22.439,3s 634ms,16s 858ms,Connected,Not Connected,User Plane SAPDU DI,Normal release requested by peer SFM user,35214500045461.0,1,3.634,16.858,19,1,0,0,1,0,0,161.722
ERTMS,2026-02-09 04:36:10.000,79.282,GSMR_14/15,"Selon notre analyse, nous avons constaté que le HO est complet entre  214 et 215, les conditions radio sont Bonnes  La requete de deconnexion a ete envoyé par le RBC avec retransmission des trames HDLC",BORD,dl Rxqual=0 ,dl rx level=-63,2026-02-09 04:36:12.921,2026-02-09 04:36:22.982,3s 606ms,10s 61ms,Connected,Not Connected,User Plane HDLC DISC,,35214500045498.0,1,3.606,10.061,4,0,0,1,1,0,0,79.282
Expandium_Normal,2025-12-28 09:01:29.711,,,,,,,2025-12-28 09:01:29.711,2025-12-28 09:47:33.912,3s 573ms,46min 4s 201ms,Connected,Connected,User Plane SUBSET026 Term Session,,35214500005339.0,0,3.573,2764.201,9,6,1,0,0,0,0,
Expandium_Normal,2025-12-18 13:19:25.325,,,,,,,2025-12-18 13:19:25.325,2025-12-18 13:23:47.653,3s 582ms,4min 22s 328ms,Connected,Connected,User Plane SUBSET026 Term Session,,35214500045671.0,0,3.582,262.328,13,3,0,0,0,0,0,
ERTMS,2026-01-09 18:32:36.000,125.206,GSMR_22/23,"Selon notre analyse, nous avons constaté que le HO complet entre 222 et 221, les conditions radio étaient bonnes  avant la déconnexion, La requete de deconnexion a ete envoyé par le  RBC  avec retransmission des trames HDLC*5",RBC,dl Rxqual=0,dl rx level=-56,2026-01-09 18:32:38.406,2026-01-09 18:32:45.913,3s 611ms,7s 507ms,Connected,Not Connected,Disconnect,Normal call clearing,35214500045200.0,1,3.6109999999999998,7.507,18,4,0,0,1,0,0,125.206
ERTMS,2025-12-31 19:05:24.000,6.13,GSMR_02/03,"Selon notre analyse, nous avons constaté que le HO Complet entre 302 et 302, les conditions radio étaient mauvaises avant la déconnexion, La requete de deconnexion a ete envoyé par le Bord  sans retransmission des trames HDLC*5",BORD,dl Rxqual=6,dl rx level=-67,2025-12-31 19:05:29.072,2025-12-31 19:05:34.337,3s 634ms,5s 265ms,Connected,Not Connected,Disconnect,Normal call clearing,35214500045495.0,1,3.634,5.265,19,2,0,0,1,0,0,6.13
Expandium_Normal,2026-02-21 23:33:07.190,,,,,,,2026-02-21 23:33:07.190,2026-02-22 00:14:57.818,3s 600ms,41min 50s 628ms,Connected,Connected,User Plane SUBSET026 Term Session,,35214500045098.0,0,3.6,2510.628,23,5,1,0,0,0,0,
Expandium_Normal,2026-02-01 21:29:55.203,,,,,,,2026-02-01 21:29:55.203,2026-02-01 21:30:57.761,3s 615ms,1min 2s 558ms,Connected,Connected,User Plane SUBSET026 Term Session,,35214500045480.0,0,3.615,62.558,21,6,1,0,0,0,0,
ERTMS,2026-01-24 18:04:48.000,6.13,GSMR_02/03,"Selon notre analyse, nous avons constaté que le HO complet entre 202 et 203, les conditions radio étaient Mauvaise avant la déconnexion, La requete de deconnexion a ete envoyé par le RBC  avec  retransmission des trames HDLC*5",BORD,dl Rxqual=7,dl rx level=-69,2026-01-24 18:04:50.837,2026-01-24 18:04:58.530,3s 857ms,7s 693ms,Connected,Not Connected,Disconnect,Normal call clearing,35214500045495.0,1,3.857,7.693,18,5,1,0,1,0,0,6.13
ERTMS,2025-11-07 16:13:06.000,7.321,GSMR_02/03,"Selon notre analyse, nous avons constaté que le HO non finalisé entre 303 et 202, les conditions radio étaient bonnes avant la déconnexion,La requete de deconnexion a ete envoyé par le Bord sans retransmission des trames HDLC*5",BORD,dl Rxqual=0,dl rx level=-60,2025-11-07 16:13:15.023,2025-11-07 16:13:20.495,3s 572ms,5s 472ms,Connected,Not Connected,Disconnect,Normal call clearing,35214500046011.0,1,3.572,5.4719999999999995,16,4,0,0,1,0,0,7.321
Expandium_Normal,2026-01-17 17:32:19.721,,,,,,,2026-01-17 17:32:19.721,2026-01-17 18:14:26.417,3s 588ms,42min 6s 696ms,Connected,Connected,User Plane SUBSET026 Term Session,,35214500045131.0,0,3.588,2526.696,17,5,1,0,0,0,0,
ERTMS,2025-12-04 12:34:35.000,198.984,GSMR_33/RAC,"Selon notre analyse, nous avons constaté que le train s'est connecté au cellule 233, les conditions radio étaient bonnes avant la déconnexion, La requete de deconnexion a ete envoyé par le bord sans retransmission des trames HDLC",BORD/GSMR,dl Rxqual=1,dl rx level=-52,2025-12-04 12:34:46.823,2025-12-04 12:35:04.798,3s 627ms,17s 975ms,Connected,Connected,User Plane SUBSET026 Term Session,,35214500038730.0,1,3.627,17.975,12,3,0,0,1,0,0,198.984
ERTMS,2025-10-24 20:57:24.000,73.586,GSMR_13/14,"Selon notre analyse, nous avons constaté que le HO est non finalisé  entre 213 et 214 ,les conditions radio étaient Mauvaises avant la déconnexion,La requete de deconnexion a ete envoyé par le RBC Suite au retransmission des trames HDLC",GSMR,dl Rxqual=7,dl rx level=-67,2025-10-24 20:57:27.411,2025-10-24 20:57:32.112,3s 617ms,4s 701ms,Connected,Not Connected,Disconnect,Normal call clearing,35214500044293.0,1,3.617,4.701,20,4,0,0,1,0,0,73.586
Expandium_Normal,2025-11-29 06:59:46.587,,,,,,,2025-11-29 06:59:46.587,2025-11-29 07:00:22.953,3s 667ms,36s 366ms,Connected,Connected,User Plane SUBSET026 Term Session,,35214500045217.0,0,3.667,36.366,6,5,1,1,1,0,0,
Expandium_Normal,2026-01-20 17:52:03.950,,,,,,,2026-01-20 17:52:03.950,2026-01-20 17:55:43.818,3s 611ms,3min 39s 868ms,Connected,Connected,User Plane SUBSET026 Term Session,,35214500045735.0,0,3.6109999999999998,219.868,17,1,0,0,0,0,0,
ERTMS,2025-11-05 17:20:01.000,7.321,GSMR_02/03,"Selon notre analyse, nous avons constaté que le HO non finalisé entre 302 et 203, les conditions radio étaient Mauvaises avant la déconnexion,La requete de deconnexion a ete envoyé par le Bord sans retransmission des trames HDLC*5",BORD,dl Rxqual=7,dl rx level=-52,2025-11-05 17:20:00.159,2025-11-05 17:20:15.788,3s 587ms,15s 629ms,Connected,Connected,User Plane SAPDU DI,Normal release requested by peer SFM user,35214500040638.0,1,3.5869999999999997,15.629,17,2,0,0,1,0,0,7.321
ERTMS,2025-10-18 15:56:56.000,94.954,GSMR_17/18,"Selon notre analyse, nous avons constaté que le HO non finalisé entre 318 et 217 ,les conditions radio étaient Mauvaises avant la déconnexion,La requete de deconnexion a ete envoyé par le Bord sans retransmission des trames HDLC",BORD,dl Rxqual=5,dl rx level=-80,2025-10-18 15:56:59.388,2025-10-18 15:57:11.861,3s 631ms,12s 473ms,Connected,Not Connected,User Plane SAPDU DI,Normal release requested by peer SFM user,35214500017596.0,1,3.6310000000000002,12.473,15,5,1,0,1,0,0,94.954
Expandium_Normal,2025-10-18 06:45:41.845,,,,,,,2025-10-18 06:45:41.845,2025-10-18 06:46:15.335,3s 588ms,33s 490ms,Connected,Connected,User Plane SUBSET026 Term Session,,35214500040707.0,0,3.588,33.49,6,5,1,1,1,0,0,
Expandium_Normal,2025-11-14 09:32:01.505,,,,,,,2025-11-14 09:32:01.505,2025-11-14 10:13:39.954,3s 366ms,41min 38s 449ms,Connected,Connected,User Plane SUBSET026 Term Session,,35214500045098.0,0,3.366,2498.449,9,4,0,0,0,0,0,
ERTMS,2025-10-15 21:05:02.000,6.13,GSMR_02/03,"Selon notre analyse, nous avons constaté que le HO est complet  entre 202 et 203 ,les conditions radio étaient Mauvaises avant la déconnexion,La requete de deconnexion a ete envoyé par le RBC avec retransmission des trames HDLC",BORD,dl Rxqual=5,dl rx level=-66,2025-10-15 21:05:04.787,2025-10-15 21:05:12.424,3s 638ms,7s 637ms,Connected,Not Connected,User Plane HDLC DISC,,35214500045495.0,1,3.638,7.6370000000000005,21,2,0,0,1,0,0,6.13
ERTMS,2025-10-28 17:05:35.000,6.13,GSMR_02/03,"Selon notre analyse, nous avons constaté que le HO Complet entre 301 et 302  ,les conditions radio étaient Mauvaises avant la déconnexion,La requete de deconnexion a ete envoyé par le RBC avec retransmission des trames HDLC",BORD,dl Rxqual=5,dl rx level=-51,2025-10-28 17:05:39.957,2025-10-28 17:05:48.819,3s 595ms,8s 862ms,Connected,Not Connected,Disconnect,Normal call clearing,35214500044293.0,1,3.5949999999999998,8.862,17,1,0,0,1,0,0,6.13
Expandium_Normal,2025-12-08 18:32:00.741,,,,,,,2025-12-08 18:32:00.741,2025-12-08 19:13:29.626,3s 610ms,41min 28s 885ms,Connected,Connected,User Plane SUBSET026 Term Session,,35214500038730.0,0,3.61,2488.885,18,0,0,0,0,0,0,
Expandium_Normal,2025-12-26 08:32:37.123,,,,,,,2025-12-26 08:32:37.123,2025-12-26 09:14:20.490,3s 590ms,41min 43s 367ms,Connected,Connected,User Plane SUBSET026 Term Session,,35214500045480.0,0,3.59,2503.367,8,4,0,0,0,0,0,
Expandium_Normal,2025-10-13 19:01:11.093,,,,,,,2025-10-13 19:01:11.093,2025-10-13 19:44:56.870,3s 613ms,43min 45s 777ms,Connected,Connected,User Plane SUBSET026 Term Session,,35214500045357.0,0,3.613,2625.777,19,0,0,0,0,0,0,
Expandium_Normal,2026-03-05 14:34:44.386,,,,,,,2026-03-05 14:34:44.386,2026-03-05 14:35:02.114,3s 595ms,17s 728ms,Connected,Connected,User Plane SUBSET026 Term Session,,35214500046011.0,0,3.5949999999999998,17.728,14,3,0,0,1,0,0,
ERTMS,2025-10-15 19:13:42.000,39.215,GSMR_07/08,"Selon notre analyse, nous avons constaté que le HO est complet  entre 206 et 207 ,les conditions radio étaient bonnes avant la déconnexion,La requete de deconnexion a ete envoyé par le bord avec retransmission des trames HDLC",A définir,dl Rxqual=0,dl rx level=-67,2025-10-15 19:13:56.883,2025-10-15 19:46:06.900,3s 598ms,32min 10s 17ms,Connected,Connected,User Plane SUBSET026 Term Session,,35214500045671.0,1,3.598,1930.017,19,2,0,0,0,0,0,39.215
Expandium_Normal,2026-02-11 23:41:19.436,,,,,,,2026-02-11 23:41:19.436,2026-02-11 23:44:20.706,3s 586ms,3min 1s 270ms,Connected,Connected,User Plane SUBSET026 Term Session,,35214500045495.0,0,3.586,181.27,23,2,0,0,0,0,0,
ERTMS,2025-11-05 15:33:22.000,198.984,GSMR_33/RAC,"Selon notre analyse, nous avons constaté que le HO est non finalisé entre 233 et 99, les conditions radio étaient mauvaises avant la déconnexion, La requete de deconnexion a ete envoyé par le bord sans retransmission des trames HDLC ",BORD/GSMR,dl Rxqual=5,dl rx level=-77,2025-11-05 15:33:33.379,2025-11-05 15:33:51.364,3s 624ms,17s 985ms,Connected,Connected,User Plane SUBSET026 Term Session,,35214500045477.0,1,3.624,17.985,15,2,0,0,1,0,0,198.984
Expandium_Normal,2026-01-05 19:17:46.525,,,,,,,2026-01-05 19:17:46.525,2026-01-05 19:18:32.022,4s 531ms,45s 497ms,Connected,Connected,User Plane SUBSET026 Term Session,,35214500045268.0,0,4.531,45.497,19,0,0,0,1,0,0,
ERTMS,2025-12-06 21:14:56.000,8.97,GSMR_02/03,"Selon notre analyse, nous avons constaté que le HO est complet entre 303 et 302 , les conditions radio étaient mauvais avant la déconnexion, La requete de deconnexion a ete envoyé par le RBC  avec retransmission des trames HDLC*5",BORD,dl Rxqual=0,dl rx level=-110,2025-12-06 21:15:17.627,2025-12-06 21:15:52.157,3s 617ms,34s 530ms,Connected,Connected,User Plane SUBSET026 Term Session,,35214500040638.0,1,3.617,34.53,21,5,1,0,1,0,0,8.97
Expandium_Normal,2026-01-15 10:32:12.731,,,,,,,2026-01-15 10:32:12.731,2026-01-15 11:13:35.556,3s 611ms,41min 22s 825ms,Connected,Connected,User Plane SUBSET026 Term Session,,35214500045083.0,0,3.6109999999999998,2482.825,10,3,0,0,0,0,0,
Expandium_Normal,2025-10-29 06:58:29.105,,,,,,,2025-10-29 06:58:29.105,2025-10-29 06:59:01.931,3s 613ms,32s 826ms,Connected,Connected,User Plane SUBSET026 Term Session,,35214500045498.0,0,3.613,32.826,6,2,0,1,1,0,0,
Expandium_Normal,2026-02-14 19:01:12.514,,,,,,,2026-02-14 19:01:12.514,2026-02-14 19:44:56.272,3s 638ms,43min 43s 758ms,Connected,Connected,User Plane SUBSET026 Term Session,,35214500045187.0,0,3.638,2623.758,19,5,1,0,0,0,0,
ERTMS,2025-12-14 11:05:22.000,6.13,GSMR_02/03,"Selon notre analyse, nous avons constaté que le HO est complet entre 202 et 303 , les conditions radio étaient mauvaises avant la déconnexion, La requete de deconnexion a ete envoyé par le RBC  avec retransmission des trames HDLC*5",BORD,dl Rxqual=7,dl rx level=-69,2025-12-14 11:05:25.483,2025-12-14 11:05:32.930,4s 784ms,7s 447ms,Connected,Not Connected,Disconnect,Normal call clearing,35214500045461.0,1,4.784,7.447,11,6,1,0,1,0,0,6.13
Expandium_Normal,2026-02-03 21:35:25.999,,,,,,,2026-02-03 21:35:25.999,2026-02-03 21:38:40.997,3s 612ms,3min 14s 998ms,Connected,Connected,User Plane SUBSET026 Term Session,,35214500045200.0,0,3.612,194.998,21,1,0,0,0,0,0,
ERTMS,2025-12-08 08:12:36.000,27.568,GSMR_05/06,"Selon notre analyse, nous avons constaté que le HO est complet entre 205 et 206 ,les conditions radio étaient bonnes avant la déconnexion, La requete de deconnexion a ete envoyé par le bord suite au retransmission des trames HDLC",BORD,dl Rxqual=3,dl rx level=-60,2025-12-08 08:12:37.479,2025-12-09 05:45:46.426,3s 621ms,21h 33min 8s 947ms,Connected,Not Connected,Disconnect,Normal call clearing,35214500042751.0,1,3.621,77588.947,8,0,0,0,0,1,0,27.568
ERTMS,2025-11-14 23:00:25.000,7.321,GSMR_02/03,"Selon notre analyse, nous avons constaté que le HO non finalisé entre 203 et 302, les conditions radio étaient mauvaies avant la déconnexion, La requete de deconnexion a ete envoyé par le Bord avec retransmission des trames HDLC*5",BORD,dl Rxqual=7,dl rx level=-60,2025-11-14 23:00:47.526,2025-11-14 23:07:50.240,3s 614ms,7min 2s 714ms,Connected,Connected,User Plane SUBSET026 Term Session,,35214500045098.0,1,3.614,422.714,23,4,0,0,0,0,0,7.321
Expandium_Normal,2026-01-04 10:03:37.609,,,,,,,2026-01-04 10:03:37.609,2026-01-04 10:04:40.235,3s 615ms,1min 2s 626ms,Connected,Connected,User Plane SUBSET026 Term Session,,35214500005339.0,0,3.615,62.626,10,6,1,0,0,0,0,
ERTMS,2025-11-11 12:05:39.000,6.13,GSMR_02/03,"Selon notre analyse, nous avons constaté que le HO complet entre 203 et 202 avec Downlink quality , les conditions radio étaient mauvaies avant la déconnexion,La requete de deconnexion a ete envoyé par le RBC suite au retransmission des trames HDLC",BORD,dl Rxqual=5,dl rx level=-67,2025-11-11 12:05:41.292,2025-11-11 12:05:48.693,3s 600ms,7s 401ms,Connected,Not Connected,Disconnect,Normal call clearing,35214500044557.0,1,3.6,7.401,12,1,0,0,1,0,0,6.13
Expandium_Normal,2025-10-19 19:34:10.335,,,,,,,2025-10-19 19:34:10.335,2025-10-19 20:17:52.656,3s 585ms,43min 42s 321ms,Connected,Connected,User Plane SUBSET026 Term Session,,35214500045083.0,0,3.585,2622.321,19,6,1,0,0,0,0,
ERTMS,2025-10-25 07:04:38.000,6.13,GSMR_02/03,"Selon notre analyse, nous avons constaté que le HO Complet entre 202 et 303  ,les conditions radio étaient Mauvaises avant la déconnexion,La requete de deconnexion a ete envoyé par le RBC avec retransmission des trames HDLC",BORD,dl Rxqual=3,dl rx level=-68,2025-10-25 07:04:40.624,2025-10-25 07:04:49.946,3s 595ms,9s 322ms,Connected,Not Connected,User Plane HDLC DISC,,35214500043740.0,1,3.5949999999999998,9.322,7,5,1,0,1,0,0,6.13
Expandium_Normal,2025-10-21 04:43:27.661,,,,,,,2025-10-21 04:43:27.661,2025-10-21 04:43:59.984,4s 521ms,32s 323ms,Connected,Connected,User Plane SUBSET026 Term Session,,35214500043605.0,0,4.521,32.323,4,1,0,1,1,0,0,
Expandium_Normal,2025-12-17 06:41:41.163,,,,,,,2025-12-17 06:41:41.163,2025-12-17 06:42:45.194,3s 629ms,1min 4s 31ms,Connected,Connected,User Plane SUBSET026 Term Session,,35214500044557.0,0,3.629,64.031,6,2,0,1,0,0,0,
ERTMS,2025-12-24 09:57:48.000,127.815,GSMR_22/23,"Selon notre analyse, nous avons constaté que le HO est non finalisé entre 222 et 223, les conditions radio étaient Bonne avant la déconnexion, La requete de deconnexion a ete envoyé par le Bord  sans retransmission des trames HDLC*5",GSMR,dl Rxqual=6,dl rx level=-88,2025-12-24 09:57:57.364,2025-12-24 09:58:06.046,3s 387ms,8s 682ms,Connected,Not Connected,User Plane HDLC DISC,,35229605039726.0,1,3.387,8.682,9,2,0,0,1,0,0,127.815
ERTMS,2025-11-09 12:05:34.000,6.13,GSMR_02/03,"Selon notre analyse, nous avons constaté que le HO complet entre 202 et 203 avec Downlink quality , les conditions radio étaient mauvaies avant la déconnexion,La requete de deconnexion a ete envoyé par le RBC suite au retransmission des trames HDLC",BORD,dl Rxqual=7,dl rx level=-65,2025-11-09 12:05:36.170,2025-11-09 12:05:43.371,3s 612ms,7s 201ms,Connected,Not Connected,Disconnect,Normal call clearing,35214500043740.0,1,3.612,7.201,12,6,1,0,1,0,0,6.13
Expandium_Normal,2026-01-21 04:48:56.381,,,,,,,2026-01-21 04:48:56.381,2026-01-21 04:50:35.179,3s 620ms,1min 38s 798ms,Connected,Connected,User Plane SUBSET026 Term Session,,35214500045424.0,0,3.62,98.798,4,2,0,1,0,0,0,
ERTMS,2025-11-16 05:20:16.000,52.289,GSMR_09/10,"Selon notre analyse, nous avons constaté que le HO non finalisé entre 209 et 310, les conditions radio étaient bonnes avant la déconnexion, La requete de deconnexion a ete envoyé par le RBC avec retransmission des trames HDLC*5",BORD/GSMR,dl Rxqual=0,dl rx level=-58,2025-11-16 05:20:14.754,2025-11-16 05:20:32.067,3s 650ms,17s 313ms,Connected,Connected,User Plane SAPDU DI,Normal release requested by peer SFM user,35214500045488.0,1,3.65,17.313,5,6,1,1,1,0,0,52.289
ERTMS,2026-01-14 11:05:09.000,4.707,GSMR_02/03,"Selon notre analyse, nous avons constaté que le HO non finalisé entre 303et 201, les conditions radio étaient mauvaises avant la déconnexion, La requete de deconnexion a ete envoyé par le  RBC  avec  retransmission des trames HDLC*5",BORD,dl Rxqual=7,dl rx level=-70,2026-01-14 11:05:11.824,2026-01-14 11:05:19.020,3s 642ms,7s 196ms,Connected,Not Connected,Disconnect,Normal call clearing,35214500004427.0,1,3.642,7.196,11,2,0,0,1,0,0,4.707
Expandium_Normal,2026-03-08 11:39:40.165,,,,,,,2026-03-08 11:39:40.165,2026-03-08 11:40:21.143,3s 362ms,40s 978ms,Connected,Connected,User Plane SUBSET026 Term Session,,35229605039726.0,0,3.362,40.978,11,6,1,0,1,0,0,
ERTMS,2025-11-12 19:19:47.000,130.074,GSMR_23/24,"Selon notre analyse, nous avons constaté que le HO Non fnalisé entre 211 et 212, les conditions radio étaient Bonnes avant la déconnexion,La requete de deconnexion a ete envoyé par le RBC suite au retransmission des trames HDLC",GSMR,dl Rxqual=2,dl rx level=-65,2025-11-12 19:19:40.831,2025-11-12 19:19:58.875,3s 611ms,18s 44ms,Connected,Connected,User Plane SAPDU DI,Normal release requested by peer SFM user,35214500044497.0,1,3.6109999999999998,18.044,19,2,0,0,1,0,0,130.074
Expandium_Normal,2026-02-14 10:49:20.060,,,,,,,2026-02-14 10:49:20.060,2026-02-14 10:51:11.070,3s 857ms,1min 51s 10ms,Connected,Connected,User Plane SUBSET026 Term Session,,35214500047160.0,0,3.857,111.01,10,5,1,0,0,0,0,
Expandium_Normal,2025-12-21 15:40:14.064,,,,,,,2025-12-21 15:40:14.064,2025-12-21 16:23:25.574,3s 605ms,43min 11s 510ms,Connected,Connected,User Plane SUBSET026 Term Session,,35214500046055.0,0,3.605,2591.51,15,6,1,0,0,0,0,
ERTMS,2025-10-14 19:37:40.000,177.85,GSMR_30/31,"Selon notre analyse, nous avons constaté que le HO est complet  entre 331 et 330 avec dowlink quality ,les conditions radio étaient Mauvaises avant la déconnexion,La requete de deconnexion a ete envoyé par le RBC avec retransmission des trames HDLC",GSMR,dl Rxqual=7,dl rx level=-73,2025-10-14 19:37:44.192,2025-10-14 19:37:50.405,3s 602ms,6s 213ms,Connected,Not Connected,Disconnect,Normal call clearing,35214500045477.0,1,3.602,6.213,19,1,0,0,1,0,0,177.85
ERTMS,2026-02-02 08:05:20.000,6.13,GSMR_02/03,"Selon notre analyse, nous avons constaté que le HO Complet entre 202 et 301, les conditions radio étaient Mauvaise avant la déconnexion, La requete de deconnexion a ete envoyé par le RBC  avec  retransmission des trames HDLC*5",BORD,dl Rxqual=7,dl rx level=-73,2026-02-02 08:05:23.846,2026-02-02 08:05:31.363,3s 605ms,7s 517ms,Connected,Not Connected,Disconnect,Normal call clearing,35214500045495.0,1,3.605,7.517,8,0,0,0,1,0,0,6.13
ERTMS,2025-11-19 22:54:26.000,108.206,GSMR_19/20,"Selon notre analyse, nous avons constaté que le HO non finalisé entre 320 et 319, les conditions radio étaient bonnes avant la déconnexion, La requete de deconnexion a ete envoyé par le RBC avec retransmission des trames HDLC*5",BORD/GSMR,dl Rxqual=2,dl rx level=-76,2025-11-19 22:54:47.338,2025-11-19 23:17:31.286,3s 637ms,22min 43s 948ms,Connected,Connected,User Plane SUBSET026 Term Session,,35214500038727.0,1,3.637,1363.948,22,2,0,0,0,0,0,108.206
Expandium_Normal,2025-11-25 20:33:54.591,,,,,,,2025-11-25 20:33:54.591,2025-11-25 21:15:58.509,3s 641ms,42min 3s 918ms,Connected,Connected,User Plane SUBSET026 Term Session,,35214500045098.0,0,3.641,2523.918,20,1,0,0,0,0,0,
Expandium_Normal,2026-01-20 04:01:40.233,,,,,,,2026-01-20 04:01:40.233,2026-01-20 05:22:13.306,4s 583ms,1h 20min 33s 73ms,Connected,Connected,User Plane SUBSET026 Term Session,,35214500044293.0,0,4.583,4833.073,4,1,0,1,0,1,0,
Expandium_Normal,2026-01-20 08:05:52.833,,,,,,,2026-01-20 08:05:52.833,2026-01-20 08:51:55.960,3s 631ms,46min 3s 127ms,Connected,Connected,User Plane SUBSET026 Term Session,,35214500044293.0,0,3.6310000000000002,2763.127,8,1,0,0,0,0,0,
Expandium_Normal,2026-01-09 20:35:36.091,,,,,,,2026-01-09 20:35:36.091,2026-01-09 20:37:43.139,3s 613ms,2min 7s 48ms,Connected,Connected,User Plane SUBSET026 Term Session,,35214500004427.0,0,3.613,127.048,20,4,0,0,0,0,0,
ERTMS,2025-11-16 15:04:36.000,6.13,GSMR_02/03,"Selon notre analyse, nous avons constaté que le HO Complete entre 301 et 302, les conditions radio étaient mauvaies avant la déconnexion, La requete de deconnexion a ete envoyé par le RBC  avec retransmission des trames HDLC*5",BORD,dl Rxqual=6,dl rx level=-54,2025-11-16 15:04:39.191,2025-11-16 15:04:46.732,3s 637ms,7s 541ms,Connected,Not Connected,Disconnect,Normal call clearing,35214500044293.0,1,3.637,7.541,15,6,1,0,1,0,0,6.13
ERTMS,2025-12-23 18:13:13.000,7.321,GSMR_02/03,"Selon notre analyse, nous avons constaté que le HO est Non finalisé entre 303 et 202 , les conditions radio étaient mauvaises avant la déconnexion, La requete de deconnexion a ete envoyé par le RBC  avec retransmission des trames HDLC*5",BORD,dl Rxqual=6,dl rx level=-52,2025-12-23 18:13:01.937,2025-12-23 18:13:17.618,3s 835ms,15s 681ms,Connected,Connected,User Plane SAPDU DI,Normal release requested by peer SFM user,35214500045083.0,1,3.835,15.681000000000001,18,1,0,0,1,0,0,7.321
ERTMS,2025-11-06 15:05:11.000,6.13,GSMR_02/03,"Selon notre analyse, nous avons constaté que le HO non finalisé entre 301 et 203, les conditions radio étaient Mauvaises avant la déconnexion, La requete de deconnexion a ete envoyé par le RBC sans retransmission des trames HDLC.",BORD,dl Rxqual=7,dl rx level=-51,2025-11-06 15:04:59.891,2025-11-06 15:05:15.621,3s 596ms,15s 730ms,Connected,Not Connected,User Plane SAPDU DI,Normal release requested by peer SFM user,35214500044293.0,1,3.596,15.73,15,3,0,0,1,0,0,6.13
ERTMS,2025-10-15 21:13:43.000,7.321,GSMR_02/03,"Selon notre analyse, nous avons constaté que le HO est complet  entre 203 et 302 ,les conditions radio étaient bonnes avant la déconnexion,La requete de deconnexion a ete envoyé par le RBC avec retransmission des trames HDLC",BORD,dl Rxqual=3,dl rx level=-51,2025-10-15 21:13:45.669,2025-10-15 21:13:51.882,3s 643ms,6s 213ms,Connected,Not Connected,Disconnect,Normal call clearing,35214500046011.0,1,3.643,6.213,21,2,0,0,1,0,0,7.321
ERTMS,2026-02-08 05:31:26.000,80.47,GSMR_14/15,"Selon notre analyse, nous avons constaté que le HO est complet entre  214 et 215, les conditions radio sont Bonnes  La requete de deconnexion a ete envoyé par le RBC  sans retransmission des trames HDLC",RBC,dl Rxqual=0 ,dl rx level=-48,2026-02-08 05:31:28.591,2026-02-08 05:31:35.792,3s 624ms,7s 201ms,Connected,Not Connected,Disconnect,Normal call clearing,35214500045735.0,1,3.624,7.201,5,6,1,1,1,0,0,80.47
ERTMS,2026-01-10 20:13:19.000,7.321,GSMR_02/03,"Selon notre analyse, nous avons constaté que le HO Non finalisé entre 302 et 203 avec Downlink quality , les conditions radio étaient mauvaise  avant la déconnexion, La requete de deconnexion a ete envoyé par le  bord  Sans  retransmission des trames HDLC",BORD,dl Rxqual=6,dl rx level=-53,2026-01-10 20:13:18.805,2026-01-10 20:13:33.740,3s 610ms,14s 935ms,Connected,Not Connected,User Plane SAPDU DI,Normal release requested by peer SFM user,35214500045477.0,1,3.61,14.935,20,5,1,0,1,0,0,7.321
ERTMS,2025-12-28 00:08:18.000,202.125,GSMR_33/RAC,"Selon notre analyse, nous avons constaté que le HO est complet entre 234 et 233, les conditions radio sont mauvaises  La requete de deconnexion a ete envoyé par le  RBC  avec retransmission des trames HDLC*5",GSMR,dl Rxqual=7,dl rx level=-72,2025-12-28 00:08:20.151,2025-12-28 00:11:14.042,3s 602ms,2min 53s 891ms,Connected,Connected,User Plane SUBSET026 Term Session,,35214500004427.0,1,3.602,173.891,0,6,1,1,0,0,0,202.125
Expandium_Normal,2025-12-08 06:00:51.198,,,,,,,2025-12-08 06:00:51.198,2025-12-08 06:01:26.615,4s 560ms,35s 417ms,Connected,Connected,User Plane SUBSET026 Term Session,,35214500045098.0,0,4.5600000000000005,35.417,6,0,0,1,1,0,0,
Expandium_Normal,2025-10-22 10:22:21.687,,,,,,,2025-10-22 10:22:21.687,2025-10-22 10:24:36.503,6s 213ms,2min 14s 816ms,Connected,Connected,User Plane SUBSET026 Term Session,,35214500045495.0,0,6.213,134.816,10,2,0,0,0,0,1,
ERTMS,2026-01-08 19:38:31.000,161.722,GSMR_27/28,"Selon notre analyse, nous avons constaté que le HO non finalisé entre 228 et 227, les conditions radio étaient bonnes  avant la déconnexion, La requete de deconnexion a ete envoyé par le  RBC  avec retransmission des trames HDLC*5",GSMR,dl Rxqual=3,dl rx level=-60,2026-01-08 19:38:24.558,2026-01-08 19:38:41.214,3s 610ms,16s 656ms,Connected,Connected,User Plane SAPDU DI,Normal release requested by peer SFM user,35214500045488.0,1,3.61,16.656,19,3,0,0,1,0,0,161.722
ERTMS,2025-10-16 20:14:22.000,7.321,GSMR_02/03,"Selon notre analyse, nous avons constaté que le HO non finalisé entre 303 et 202 ,les conditions radio étaient bonnes avant la déconnexion,La requete de deconnexion a ete envoyé par le RBC sans retransmission des trames HDLC",BORD,dl Rxqual=0,dl rx level=-64,2025-10-16 20:14:24.322,2025-10-16 20:14:31.290,3s 597ms,6s 968ms,Connected,Not Connected,User Plane HDLC DISC,,35214500045083.0,1,3.597,6.968,20,3,0,0,1,0,0,7.321
ERTMS,2025-10-19 15:37:18.000,177.85,GSMR_30/31,"Selon notre analyse, nous avons constaté que le HO non finalisé entre 331 et 330 ,les conditions radio étaient Mauvaises avant la déconnexion,La requete de deconnexion a ete envoyé par le RBC avec retransmission des trames HDLC",GSMR,dl Rxqual=7,dl rx level=-78,2025-10-19 15:37:23.846,2025-10-20 08:37:46.750,3s 575ms,17h 22s 904ms,Connected,Not Connected,Disconnect,Normal call clearing,35214500045480.0,1,3.575,61222.904,15,6,1,0,0,1,0,177.85
ERTMS,2025-11-29 16:45:03.000,140.659,GSMR_24/25,"Selon notre analyse, nous avons constaté que le HO  non finalisé entre 325 et 224 , les conditions radio étaient  mauvaises avant la déconnexion, La requete de deconnexion a ete envoyé par le RBC avec retransmission des trames HDLC*5",GSMR,dl Rxqual=1,dl rx level=-74,2025-11-29 16:44:56.743,2025-11-29 16:45:12.480,3s 620ms,15s 737ms,Connected,Connected,User Plane SAPDU DI,Normal release requested by peer SFM user,35214500045477.0,1,3.62,15.737,16,5,1,0,1,0,0,140.659
Expandium_Normal,2026-02-01 05:54:06.716,,,,,,,2026-02-01 05:54:06.716,2026-02-01 05:54:43.624,4s 545ms,36s 908ms,Connected,Connected,User Plane SUBSET026 Term Session,,35214500017596.0,0,4.545,36.908,5,6,1,1,1,0,0,
Expandium_Normal,2025-12-11 07:25:02.407,,,,,,,2025-12-11 07:25:02.407,2025-12-11 07:25:37.157,3s 366ms,34s 750ms,Connected,Connected,User Plane SUBSET026 Term Session,,35229605039441.0,0,3.366,34.75,7,3,0,0,1,0,0,
ERTMS,2025-10-22 08:05:34.000,6.13,GSMR_02/03,"Selon notre analyse, nous avons constaté que le HO complet entre 202 et 203 ,les conditions radio étaient Mauvaises avant la déconnexion,La requete de deconnexion a ete envoyé par le RBC avec retransmission des trames HDLC",BORD,dl Rxqual=7,dl rx level=-70,2025-10-22 08:05:36.727,2025-10-22 08:05:45.650,3s 583ms,8s 923ms,Connected,Not Connected,Disconnect,Normal call clearing,35214500043740.0,1,3.583,8.923,8,2,0,0,1,0,0,6.13
Expandium_Normal,2026-02-11 04:47:40.584,,,,,,,2026-02-11 04:47:40.584,2026-02-11 04:48:30.070,4s 534ms,49s 486ms,Connected,Connected,User Plane SUBSET026 Term Session,,35214500043740.0,0,4.534,49.486,4,2,0,1,1,0,0,
ERTMS,2025-12-17 17:05:57.000,6.13,GSMR_02/03,"Selon notre analyse, nous avons constaté que le HO est complet entre 202 et 203 , les conditions radio étaient mauvaises avant la déconnexion, La requete de deconnexion a ete envoyé par le RBC  avec retransmission des trames HDLC*5",BORD,dl Rxqual=7,dl rx level=-71,2025-12-17 17:05:59.876,2025-12-17 17:06:07.271,3s 615ms,7s 395ms,Connected,Not Connected,Disconnect,Normal call clearing,35214500036582.0,1,3.615,7.395,17,2,0,0,1,0,0,6.13
Expandium_Normal,2026-02-11 07:32:40.920,,,,,,,2026-02-11 07:32:40.920,2026-02-11 08:14:37.921,3s 642ms,41min 57s 1ms,Connected,Connected,User Plane SUBSET026 Term Session,,35214500038727.0,0,3.642,2517.001,7,2,0,0,0,0,0,
Expandium_Normal,2025-10-29 02:40:07.800,,,,,,,2025-10-29 02:40:07.800,2025-10-29 03:12:45.296,3s 627ms,32min 37s 496ms,Connected,Connected,User Plane SUBSET026 Term Session,,35214500045461.0,0,3.627,1957.496,2,2,0,1,0,0,0,
Expandium_Normal,2025-12-31 12:32:13.885,,,,,,,2025-12-31 12:32:13.885,2025-12-31 13:14:08.189,3s 623ms,41min 54s 304ms,Connected,Connected,User Plane SUBSET026 Term Session,,35214500045329.0,0,3.623,2514.304,12,2,0,0,0,0,0,
Expandium_Normal,2026-02-22 18:32:01.268,,,,,,,2026-02-22 18:32:01.268,2026-02-22 19:15:07.544,3s 372ms,43min 6s 276ms,Connected,Connected,User Plane SUBSET026 Term Session,,35229605039441.0,0,3.372,2586.276,18,6,1,0,0,0,0,
ERTMS,2025-12-07 20:46:08.000,179.149,GSMR_30/31,"Selon notre analyse, nous avons constaté que le HO est non complet entre 230 et 231 ,les conditions radio étaient bonnes avant la déconnexion, La requete de deconnexion a ete envoyé par le RBC suite au retransmission des trames HDLC",GSMR,dl Rxqual=0,dl rx level=-64,2025-12-07 20:46:02.091,2025-12-07 20:46:19.109,3s 609ms,17s 18ms,Connected,Not Connected,User Plane SAPDU DI,Normal release requested by peer SFM user,35214500004427.0,1,3.609,17.018,20,6,1,0,1,0,0,179.149
ERTMS,2025-11-21 13:55:47.000,94.954,GSMR_17/18,"Selon notre analyse, nous avons constaté que le HO non finalisé entre 318 et 317, les conditions radio étaient mauvaies avant la déconnexion, La requete de deconnexion a ete envoyé par le RBC avec retransmission des trames HDLC*5",BORD,dl Rxqual=7,dl rx level=-68,2025-11-21 13:55:41.919,2025-11-21 13:55:57.890,3s 650ms,15s 971ms,Connected,Connected,User Plane SAPDU DI,Normal release requested by peer SFM user,35214500038727.0,1,3.65,15.971,13,4,0,0,1,0,0,94.954
ERTMS,2026-02-04 13:13:33.000,7.321,GSMR_02/03,"Selon notre analyse, nous avons constaté que le HO complet  entre 203 et 302, les conditions radio étaient Mauvaise avant la déconnexion, La requete de deconnexion a ete envoyé par le RBC avec retransmission des trames HDLC*5",BORD,dl Rxqual=5,dl rx level=-52,2026-02-04 13:13:35.520,2026-02-04 13:13:40.549,3s 597ms,5s 29ms,Connected,Not Connected,Disconnect,Normal call clearing,35214500038727.0,1,3.597,5.029,13,2,0,0,1,0,0,7.321
ERTMS,2025-11-16 21:04:58.000,6.13,GSMR_02/03,"Selon notre analyse, nous avons constaté que le HO Complete entre 301 et 202, les conditions radio étaient mauvaies avant la déconnexion, La requete de deconnexion a ete envoyé par le RBC  avec retransmission des trames HDLC*5",BORD,dl Rxqual=7,dl rx level=-58,2025-11-16 21:05:00.965,2025-11-16 21:05:07.876,3s 612ms,6s 911ms,Connected,Not Connected,Disconnect,Normal call clearing,35214500044293.0,1,3.612,6.911,21,6,1,0,1,0,0,6.13
Expandium_Normal,2026-01-02 05:53:25.993,,,,,,,2026-01-02 05:53:25.993,2026-01-02 07:07:22.104,3s 587ms,1h 13min 56s 111ms,Connected,Connected,User Plane SUBSET026 Term Session,,35214500045494.0,0,3.5869999999999997,4436.111,5,4,0,1,0,1,0,
Expandium_Normal,2025-12-15 18:32:19.585,,,,,,,2025-12-15 18:32:19.585,2025-12-15 19:13:40.976,3s 606ms,41min 21s 391ms,Connected,Connected,User Plane SUBSET026 Term Session,,35214500045494.0,0,3.606,2481.391,18,0,0,0,0,0,0,
Expandium_Normal,2025-11-25 19:01:24.224,,,,,,,2025-11-25 19:01:24.224,2025-11-25 19:46:03.574,3s 608ms,44min 39s 350ms,Connected,Connected,User Plane SUBSET026 Term Session,,35214500042751.0,0,3.608,2679.35,19,1,0,0,0,0,0,
Expandium_Normal,2025-10-25 20:36:24.778,,,,,,,2025-10-25 20:36:24.778,2025-10-25 21:18:21.497,3s 632ms,41min 56s 719ms,Connected,Connected,User Plane SUBSET026 Term Session,,35214500045491.0,0,3.632,2516.719,20,5,1,0,0,0,0,
Expandium_Normal,2026-01-26 05:52:58.655,,,,,,,2026-01-26 05:52:58.655,2026-01-26 07:08:49.676,3s 630ms,1h 15min 51s 21ms,Connected,Connected,User Plane SUBSET026 Term Session,,35214500045098.0,0,3.63,4551.021,5,0,0,1,0,1,0,
Expandium_Normal,2026-01-28 05:07:33.981,,,,,,,2026-01-28 05:07:33.981,2026-01-28 05:08:17.420,4s 561ms,43s 439ms,Connected,Connected,User Plane SUBSET026 Term Session,,35214500004427.0,0,4.561,43.439,5,2,0,1,1,0,0,
ERTMS,2025-11-29 15:05:08.000,6.13,GSMR_02/03,"Selon notre analyse, nous avons constaté que le HO  finalisé entre 202 et 203 , les conditions radio étaient  mauvaises avant la déconnexion, La requete de deconnexion a ete envoyé par le RBC avec retransmission des trames HDLC*5",BORD,dl Rxqual=7,dl rx level=-71,2025-11-29 15:05:10.928,2025-11-29 15:05:18.429,3s 591ms,7s 501ms,Connected,Not Connected,Disconnect,Normal call clearing,35214500047160.0,1,3.591,7.501,15,5,1,0,1,0,0,6.13
ERTMS,2025-11-16 12:05:36.000,6.13,GSMR_02/03,"Selon notre analyse, nous avons constaté que le HO Complete entre 203 et 202, les conditions radio étaient mauvaies avant la déconnexion, La requete de deconnexion a ete envoyé par le RBC  avec retransmission des trames HDLC*5",BORD,dl Rxqual=6,dl rx level=-70,2025-11-16 12:05:42.591,2025-11-16 12:05:47.624,3s 622ms,5s 33ms,Connected,Not Connected,Disconnect,Normal call clearing,35214500045217.0,1,3.622,5.033,12,6,1,0,1,0,0,6.13
ERTMS,2026-01-08 07:37:24.000,145.6,GSMR_25/26,"Selon notre analyse, nous avons constaté que le HO non finalisé entre 225 et 226, les conditions radio étaient bonnes  avant la déconnexion, La requete de deconnexion a ete envoyé par le  RBC  avec retransmission des trames HDLC*5",GSMR,dl Rxqual=2,dl rx level=-71,2026-01-08 07:37:17.136,2026-01-08 07:37:34.826,3s 603ms,17s 690ms,Connected,Connected,User Plane SAPDU DI,Normal release requested by peer SFM user,35214500043740.0,1,3.6029999999999998,17.69,7,3,0,0,1,0,0,145.6
ERTMS,2025-10-24 20:14:44.000,73.586,GSMR_13/14,"Selon notre analyse, nous avons constaté que le HO est non finalisé  entre 213 et 214 ,les conditions radio étaient Mauvaises avant la déconnexion,La requete de deconnexion a ete envoyé par le RBC avec retransmission des trames HDLC",GSMR,dl Rxqual=7,dl rx level=-67,2025-10-24 20:14:48.511,2025-10-24 20:14:55.684,3s 615ms,7s 173ms,Connected,Not Connected,Disconnect,Normal call clearing,35214500045073.0,1,3.615,7.173,20,4,0,0,1,0,0,73.586
ERTMS,2025-11-28 07:38:05.000,152.548,GSMR_26/27,"Selon notre analyse, nous avons constaté que le HO downlink quality non finalisé entre 226 et 327, les conditions radio étaient mauvaises lors du HO ce qui a engendré la déconnexion, La requete de deconnexion a ete envoyé par le MSC avec retransmission des trames HDLC*5",GSMR,dl Rxqual=7,dl rx level=-54,2025-11-28 07:38:03.224,2025-11-28 07:38:18.887,3s 634ms,15s 663ms,Connected,Not Connected,User Plane SAPDU DI,Normal release requested by peer SFM user,35214500042751.0,1,3.634,15.663,7,4,0,0,1,0,0,152.548
Expandium_Normal,2026-03-06 04:57:42.157,,,,,,,2026-03-06 04:57:42.157,2026-03-06 06:13:36.442,3s 619ms,1h 15min 54s 285ms,Connected,Connected,User Plane SUBSET026 Term Session,,35214500022752.0,0,3.6189999999999998,4554.285,4,4,0,1,0,1,0,
Expandium_Normal,2025-11-25 03:23:56.845,,,,,,,2025-11-25 03:23:56.845,2025-11-25 03:24:31.716,4s 558ms,34s 871ms,Connected,Connected,User Plane SUBSET026 Term Session,,35214500017596.0,0,4.558,34.871,3,1,0,1,1,0,0,
Expandium_Normal,2025-11-10 05:53:51.671,,,,,,,2025-11-10 05:53:51.671,2025-11-10 07:08:29.679,3s 630ms,1h 14min 38s 8ms,Connected,Connected,User Plane SUBSET026 Term Session,,35214500017596.0,0,3.63,4478.008,5,0,0,1,0,1,0,
Expandium_Normal,2026-01-26 04:46:07.477,,,,,,,2026-01-26 04:46:07.477,2026-01-26 04:46:57.485,4s 527ms,50s 8ms,Connected,Connected,User Plane SUBSET026 Term Session,,35214500045498.0,0,4.527,50.008,4,0,0,1,1,0,0,
Expandium_Normal,2025-11-02 18:00:42.682,,,,,,,2025-11-02 18:00:42.682,2025-11-02 18:45:59.949,3s 628ms,45min 17s 267ms,Connected,Connected,User Plane SUBSET026 Term Session,,35214500047160.0,0,3.628,2717.267,18,6,1,0,0,0,0,
ERTMS,2025-11-07 16:15:04.000,35.259,GSMR_06/07,"Selon notre analyse, nous avons constaté que le HO complet entre 595 et 596, les conditions radio étaient mauvaies avant la déconnexion,La requete de deconnexion a ete envoyé par le RBC suite au retransmission des trames HDLC",GSMR,dl Rxqual=7,dl rx level=-83,2025-11-07 16:15:00.241,2025-11-07 16:15:05.395,3s 609ms,5s 154ms,Connected,Not Connected,Disconnect,Normal call clearing,35214500022752.0,1,3.609,5.154,16,4,0,0,1,0,0,35.259
Expandium_Normal,2026-02-17 12:32:20.275,,,,,,,2026-02-17 12:32:20.275,2026-02-17 13:14:02.930,3s 609ms,41min 42s 655ms,Connected,Connected,User Plane SUBSET026 Term Session,,35214500046055.0,0,3.609,2502.655,12,1,0,0,0,0,0,
Expandium_Normal,2025-12-31 13:34:03.533,,,,,,,2025-12-31 13:34:03.533,2025-12-31 14:15:45.462,3s 636ms,41min 41s 929ms,Connected,Connected,User Plane SUBSET026 Term Session,,35214500045480.0,0,3.636,2501.929,13,2,0,0,0,0,0,
ERTMS,2025-10-14 17:05:03.000,6.13,GSMR_02/03,"Selon notre analyse, nous avons constaté que le HO est Complet  entre 202 et 203 ,les conditions radio étaient Mauvaises avant la déconnexion,La requete de deconnexion a ete envoyé par le RBC sans retransmission des trames HDLC",BORD,dl Rxqual=7,dl rx level=-70,2025-10-14 17:05:05.820,2025-10-14 17:05:12.998,3s 611ms,7s 178ms,Connected,Not Connected,Disconnect,Normal call clearing,35214500045495.0,1,3.6109999999999998,7.178,17,1,0,0,1,0,0,6.13
ERTMS,2025-11-18 15:05:14.000,6.13,GSMR_02/03,"Selon notre analyse, nous avons constaté que le HO Complete entre 202 et 203, les conditions radio étaient mauvaies avant la déconnexion, La requete de deconnexion a ete envoyé par le RBC  avec retransmission des trames HDLC*5",BORD,dl Rxqual=7,dl rx level=-67,2025-11-18 15:05:16.465,2025-11-18 15:05:24.323,3s 602ms,7s 858ms,Connected,Not Connected,Disconnect,Normal call clearing,35214500047160.0,1,3.602,7.858,15,1,0,0,1,0,0,6.13
Expandium_Normal,2025-12-03 02:47:18.212,,,,,,,2025-12-03 02:47:18.212,2025-12-03 02:48:11.066,4s 571ms,52s 854ms,Connected,Connected,User Plane SUBSET026 Term Session,,35214500047160.0,0,4.571,52.854,2,2,0,1,1,0,0,
Expandium_Normal,2025-11-18 12:04:35.235,,,,,,,2025-11-18 12:04:35.235,2025-11-18 12:06:12.984,3s 574ms,1min 37s 749ms,Connected,Connected,User Plane SUBSET026 Term Session,,35214500045495.0,0,3.574,97.749,12,1,0,0,0,0,0,
Expandium_Normal,2026-02-02 19:47:11.318,,,,,,,2026-02-02 19:47:11.318,2026-02-02 19:48:40.837,4s 532ms,1min 29s 519ms,Connected,Connected,User Plane SUBSET026 Term Session,,35214500038730.0,0,4.532,89.519,19,0,0,0,0,0,0,
ERTMS,2026-02-01 19:05:26.000,6.13,GSMR_02/03,"Selon notre analyse, nous avons constaté que le HO non finalisé entre 202 et 203, les conditions radio étaient Mauvaise avant la déconnexion, La requete de deconnexion a ete envoyé par le RBC  avec  retransmission des trames HDLC*5",BORD,dl Rxqual=7,dl rx level=-50,2026-02-01 19:05:28.863,2026-02-01 19:05:37.922,3s 576ms,9s 59ms,Connected,Not Connected,Release,Normal call clearing,35214500045735.0,1,3.576,9.059,19,6,1,0,1,0,0,6.13
ERTMS,2026-01-25 14:05:30.000,6.13,GSMR_02/03,"Selon notre analyse, nous avons constaté que le HO non finalisé entre 202 et 203, les conditions radio étaient Mauvaise avant la déconnexion, La requete de deconnexion a ete envoyé par le RBC  avec  retransmission des trames HDLC*5",BORD,dl Rxqual=6,dl rx level=-52,2026-01-25 14:05:19.519,2026-01-25 14:05:35.246,4s 783ms,15s 727ms,Connected,Not Connected,User Plane SAPDU DI,Normal release requested by peer SFM user,35214500045073.0,1,4.783,15.727,14,6,1,0,1,0,0,6.13
Expandium_Normal,2025-10-21 12:32:55.103,,,,,,,2025-10-21 12:32:55.103,2025-10-21 13:14:15.245,3s 631ms,41min 20s 142ms,Connected,Connected,User Plane SUBSET026 Term Session,,35214500045477.0,0,3.6310000000000002,2480.142,12,1,0,0,0,0,0,
ERTMS,2026-01-05 10:05:19.000,6.13,GSMR_02/03,"Selon notre analyse, nous avons constaté que le HO non finalisé entre 202 et 303, les conditions radio étaient bonnes  avant la déconnexion, La requete de deconnexion a ete envoyé par le  RBC  avec retransmission des trames HDLC*5",BORD,dl Rxqual=2,dl rx level=-72,2026-01-05 10:05:21.930,2026-01-05 10:05:29.030,3s 660ms,7s 100ms,Connected,Not Connected,Disconnect,Normal call clearing,35214500022752.0,1,3.66,7.1,10,0,0,0,1,0,0,6.13
Expandium_Normal,2026-03-06 10:34:13.063,,,,,,,2026-03-06 10:34:13.063,2026-03-06 11:16:13.774,3s 383ms,42min 711ms,Connected,Connected,User Plane SUBSET026 Term Session,,35229605039441.0,0,3.383,2520.711,10,4,0,0,0,0,0,
ERTMS,2025-12-19 19:05:09.000,6.13,GSMR_02/03,"Selon notre analyse, nous avons constaté que le HO est complet entre 202 et 203 , les conditions radio étaient mauvaises avant la déconnexion, La requete de deconnexion a ete envoyé par le RBC  avec retransmission des trames HDLC*5",BORD,dl Rxqual=7,dl rx level=-59,2025-12-19 19:05:00.150,2025-12-19 19:05:10.402,3s 604ms,10s 252ms,Connected,Not Connected,Release,Normal call clearing,35214500045187.0,1,3.604,10.252,19,4,0,0,1,0,0,6.13
Expandium_Normal,2025-11-20 01:14:03.834,,,,,,,2025-11-20 01:14:03.834,2025-11-20 01:15:40.763,3s 633ms,1min 36s 929ms,Connected,Connected,User Plane SUBSET026 Term Session,,35214500045424.0,0,3.633,96.929,1,3,0,1,0,0,0,
Expandium_Normal,2025-10-19 15:18:16.051,,,,,,,2025-10-19 15:18:16.051,2025-10-19 15:18:48.814,3s 592ms,32s 763ms,Connected,Connected,User Plane SUBSET026 Term Session,,35214500044557.0,0,3.592,32.763,15,6,1,0,1,0,0,
Expandium_Normal,2026-02-26 02:43:12.474,,,,,,,2026-02-26 02:43:12.474,2026-02-26 02:44:47.292,3s 601ms,1min 34s 818ms,Connected,Connected,User Plane SUBSET026 Term Session,,35214500045098.0,0,3.601,94.818,2,3,0,1,0,0,0,
Expandium_Normal,2026-02-24 04:57:02.427,,,,,,,2026-02-24 04:57:02.427,2026-02-24 06:15:00.052,4s 548ms,1h 17min 57s 625ms,Connected,Connected,User Plane SUBSET026 Term Session,,35214500045073.0,0,4.548,4677.625,4,1,0,1,0,1,0,
ERTMS,2025-10-24 18:05:16.000,6.13,GSMR_02/03,"Selon notre analyse, nous avons constaté que le HO Complet entre 202 et 203  ,les conditions radio étaient Mauvaises avant la déconnexion,La requete de deconnexion a ete envoyé par le RBC avec retransmission des trames HDLC",BORD,dl Rxqual=7,dl rx level=-64,2025-10-24 18:05:08.054,2025-10-24 18:05:17.780,4s 305ms,9s 726ms,Connected,Not Connected,Release,Normal call clearing,35214500045357.0,1,4.305,9.725999999999999,18,4,0,0,1,0,0,6.13
Expandium_Normal,2025-11-05 09:01:12.147,,,,,,,2025-11-05 09:01:12.147,2025-11-05 09:45:48.090,4s 536ms,44min 35s 943ms,Connected,Connected,User Plane SUBSET026 Term Session,,35214500045735.0,0,4.536,2675.943,9,2,0,0,0,0,0,
ERTMS,2025-12-15 07:26:37.000,95.014,GSMR_17/18,"Selon notre analyse, nous avons constaté que le HO est Non finalisé entre 317 et 218 , les conditions radio en UPLINK étaient Mauvaises (Le downlink était OK) avant la déconnexion, La requete de deconnexion a ete envoyé par la BTS sans retransmission des trames HDLC",GSMR,dl Rxqual=0 (Ul rxqual = 7),dl rx level=-76 (ul rx level = -87),2025-12-15 07:26:35.322,2025-12-15 07:26:52.685,3s 645ms,17s 363ms,Connected,Connected,User Plane SAPDU DI,Normal release requested by peer SFM user,35214500045200.0,1,3.645,17.363,7,0,0,0,1,0,0,95.014
ERTMS,2026-02-03 07:05:09.000,6.13,GSMR_02/03,"Selon notre analyse, nous avons constaté que le HO Non finalisé  entre 202 et 203, les conditions radio étaient Mauvaise avant la déconnexion, La requete de deconnexion a ete envoyé par le RBC  avec  retransmission des trames HDLC*5",BORD,dl Rxqual=7,dl rx level=-71,2026-02-03 07:04:57.797,2026-02-03 07:05:13.493,3s 605ms,15s 696ms,Connected,Connected,User Plane SAPDU DI,Normal release requested by peer SFM user,35214500022752.0,1,3.605,15.696,7,1,0,0,1,0,0,6.13
ERTMS,2025-10-19 17:38:15.000,177.85,GSMR_30/31,"Selon notre analyse, nous avons constaté que le HO non finalisé entre 331 et 329 ( saute de cellule 330 ) ,les conditions radio étaient Mauvaises avant la déconnexion,La requete de deconnexion a ete envoyé par le RBC avec retransmission des trames HDLC",GSMR,dl Rxqual=7,dl rx level=-72,2025-10-19 17:38:18.595,2025-10-19 17:38:26.816,3s 676ms,8s 221ms,Connected,Not Connected,Disconnect,Normal call clearing,35214500038730.0,1,3.676,8.221,17,6,1,0,1,0,0,177.85
ERTMS,2026-01-11 11:05:15.000,6.13,GSMR_02/03,"Selon notre analyse, nous avons constaté que le HO complet entre 302 et 203  , les conditions radio étaient mauvaises avant la déconnexion, La requete de deconnexion a ete envoyé par le  RBC  avec  retransmission des trames HDLC*5",BORD,dl Rxqual=7,dl rx level=-67,2026-01-11 11:05:17.441,2026-01-11 11:05:26.049,3s 566ms,8s 608ms,Connected,Not Connected,User Plane HDLC DISC,,35214500044557.0,1,3.566,8.608,11,6,1,0,1,0,0,6.13
Expandium_Normal,2026-02-14 19:32:39.694,,,,,,,2026-02-14 19:32:39.694,2026-02-14 20:14:28.776,3s 611ms,41min 49s 82ms,Connected,Connected,User Plane SUBSET026 Term Session,,35214500040638.0,0,3.6109999999999998,2509.082,19,5,1,0,0,0,0,
ERTMS,2026-01-29 16:26:56.000,101.587,GSMR_18/19,"Selon notre analyse, nous avons constaté que le HO est Non finalisé entre 219 et 218 , les conditions radio en UPLINK étaient Mauvaises (Le downlink était OK) avant la déconnexion, La requete de deconnexion a ete envoyé par la RBC avec retransmission des trames HDLC",BORD,dl Rxqual=2,dl rx level=-68,2026-01-29 16:26:49.663,2026-01-29 16:27:05.114,3s 626ms,15s 451ms,Connected,Connected,User Plane SAPDU DI,Normal release requested by peer SFM user,35214500045461.0,1,3.626,15.451,16,3,0,0,1,0,0,101.587
